lib.size,norm.factors,id,sample,treatment,ct,sample_num,bam
19414895.7065832,0.692116574749288,027U,DD027U_Smg1i,Smg1i,DD_ALI,sample3,/proj/regeps/regep00/studies/ExternalCellLines/data/longread/mrna/Randell_Lung_Cells_2025/data/raw/20250804/DD027U_Smg1i/PACBIO_DATA/XCAST_20250725_R84050_PL21517-002_1-1-D01_IsoSeqX_bc12.bam
21879845.4139653,0.849042189474023,001V,DD001V_Smg1i,Smg1i,DD_ALI,sample1,/proj/regeps/regep00/studies/ExternalCellLines/data/longread/mrna/Randell_Lung_Cells_2025/data/raw/20250804/DD001V_Smg1i/PACBIO_DATA/XCAST_20250725_R84050_PL21521-002_1-1-D01_IsoSeqX_bc04.bam
22485627.7111226,0.802869350227348,029T,DD029T_Smg1i,Smg1i,DD_ALI,sample4,/proj/regeps/regep00/studies/ExternalCellLines/data/longread/mrna/Randell_Lung_Cells_2025/data/raw/20250804/DD029T_Smg1i/PACBIO_DATA/XCAST_20250725_R84050_PL21525-002_1-1-D01_IsoSeqX_bc05.bam
18942250.2734429,1.01105420840452,010R,DD010R_Smg1i,Smg1i,DD,sample2,/proj/regeps/regep00/studies/ExternalCellLines/data/longread/mrna/Randell_Lung_Cells_2025/data/raw/20250804/DD010R_Smg1i/PACBIO_DATA/XCAST_20250725_R84050_PL21529-002_1-1-D01_IsoSeqX_bc06.bam
9874161.40089515,1.17425059467158,027U,DD027U_DMSO,DMSO,DD_ALI,sample15,/proj/regeps/regep00/studies/ExternalCellLines/data/longread/mrna/Randell_Lung_Cells_2025/data/raw/20250909/DD027U_DMSO/PACBIO_DATA/XCAST_20250813_R84050_PL21518-002_1-1-A01_IsoSeqX_bc01.bam
10224790.7476846,1.41809226534545,027U,DO027U_Smg1i,Smg1i,DO,sample24,/proj/regeps/regep00/studies/ExternalCellLines/data/longread/mrna/Randell_Lung_Cells_2025/data/raw/20250909/DO027U_Smg1i/PACBIO_DATA/XCAST_20250813_R84050_PL21519-002_1-1-A01_IsoSeqX_bc02.bam
11295400.7313259,1.20855782168226,027U,DO027U_DMSO,DMSO,DO,sample23,/proj/regeps/regep00/studies/ExternalCellLines/data/longread/mrna/Randell_Lung_Cells_2025/data/raw/20250909/DO027U_DMSO/PACBIO_DATA/XCAST_20250813_R84050_PL21520-002_1-1-A01_IsoSeqX_bc03.bam
10127117.2152936,1.35681506423831,001V,DD001V_DMSO,DMSO,DD_ALI,sample11,/proj/regeps/regep00/studies/ExternalCellLines/data/longread/mrna/Randell_Lung_Cells_2025/data/raw/20250909/DD001V_DMSO/PACBIO_DATA/XCAST_20250813_R84050_PL21522-002_1-1-A01_IsoSeqX_bc04.bam
11593720.236604,1.42740844000674,001V,DO001V_Smg1i,Smg1i,DO,sample22,/proj/regeps/regep00/studies/ExternalCellLines/data/longread/mrna/Randell_Lung_Cells_2025/data/raw/20250909/DO001V_Smg1i/PACBIO_DATA/XCAST_20250815_R84050_PL21523-002_1-1-C01_IsoSeqX_bc05.bam
2335220.88211788,1.89522335338955,001V,DO001V_DMSO,DMSO,DO,sample21,/proj/regeps/regep00/studies/ExternalCellLines/data/longread/mrna/Randell_Lung_Cells_2025/data/raw/20250909/DO001V_DMSO/PACBIO_DATA/XCAST_20250815_R84050_PL21524-002_1-1-C01_IsoSeqX_bc06.bam
11706671.5967242,1.21466395330967,029T,DD029T_DMSO,DMSO,DD_ALI,sample16,/proj/regeps/regep00/studies/ExternalCellLines/data/longread/mrna/Randell_Lung_Cells_2025/data/raw/20250909/DD029T_DMSO/PACBIO_DATA/XCAST_20250815_R84050_PL21526-002_1-1-C01_IsoSeqX_bc07.bam
11444978.6987321,1.29725480398722,029T,DO029T_Smg1i,Smg1i,DO,sample26,/proj/regeps/regep00/studies/ExternalCellLines/data/longread/mrna/Randell_Lung_Cells_2025/data/raw/20250909/DO029T_Smg1i/PACBIO_DATA/XCAST_20250815_R84050_PL21527-002_1-1-C01_IsoSeqX_bc08.bam
15187662.583702,0.847532491590022,029T,DO029T_DMSO,DMSO,DO,sample25,/proj/regeps/regep00/studies/ExternalCellLines/data/longread/mrna/Randell_Lung_Cells_2025/data/raw/20250909/DO029T_DMSO/PACBIO_DATA/XCAST_20250818_R84050_PL21528-002_1_D01_IsoSeqX_bc09_3p.bam
16020286.9521161,0.938850247154696,010R,DD010R_DMSO,DMSO,DD,sample12,/proj/regeps/regep00/studies/ExternalCellLines/data/longread/mrna/Randell_Lung_Cells_2025/data/raw/20250909/DD010R_DMSO/PACBIO_DATA/XCAST_20250818_R84050_PL21530-002_1_D01_IsoSeqX_bc10_3p.bam
15689736.585971,1.16425271236241,066Q,DD066Q_Smg1i,Smg1i,DD,sample20,/proj/regeps/regep00/studies/ExternalCellLines/data/longread/mrna/Randell_Lung_Cells_2025/data/raw/20250909/DD066Q_Smg1i/PACBIO_DATA/XCAST_20250818_R84050_PL21531-002_1_D01_IsoSeqX_bc11_3p.bam
15226854.5327481,0.973759512023762,066Q,DD066Q_DMSO,DMSO,DD,sample19,/proj/regeps/regep00/studies/ExternalCellLines/data/longread/mrna/Randell_Lung_Cells_2025/data/raw/20250909/DD066Q_DMSO/PACBIO_DATA/XCAST_20250818_R84050_PL21532-002_1_D01_IsoSeqX_bc12_3p.bam
11416169.806164,1.15504360515863,017Q,DD017Q_DMSO,DMSO,DD,sample13,/proj/regeps/regep00/studies/ExternalCellLines/data/longread/mrna/Randell_Lung_Cells_2025/data/raw/20250909/DD017Q_DMSO/PACBIO_DATA/XCAST_20250825_R84050_PL21534-003_1-1-B01_IsoSeqX_bc02.bam
10657453.8630438,1.15749177549139,047N,DD047N_DMSO,DMSO,DD,sample17,/proj/regeps/regep00/studies/ExternalCellLines/data/longread/mrna/Randell_Lung_Cells_2025/data/raw/20250909/DD047N_DMSO/PACBIO_DATA/XCAST_20250825_R84050_PL21536-002_1-1-B01_IsoSeqX_bc04.bam
10068836.2309948,1.15890482503202,2027,AT2027U_Smg1i,Smg1i,AT,sample8,/proj/regeps/regep00/studies/ExternalCellLines/data/longread/mrna/Randell_Lung_Cells_2025/data/raw/20250909/AT2027U_Smg1i/PACBIO_DATA/XCAST_20250825_R84050_PL21537-003_1-1-B01_IsoSeqX_bc05.bam
12649706.4501325,0.855591924630877,2027,AT2027U_DMSO,DMSO,AT,sample7,/proj/regeps/regep00/studies/ExternalCellLines/data/longread/mrna/Randell_Lung_Cells_2025/data/raw/20250909/AT2027U_DMSO/PACBIO_DATA/XCAST_20250825_R84050_PL21538-002_1-1-B01_IsoSeqX_bc06.bam
12131567.8752783,0.959319434535074,2001,AT2001V_Smg1i,Smg1i,AT,sample6,/proj/regeps/regep00/studies/ExternalCellLines/data/longread/mrna/Randell_Lung_Cells_2025/data/raw/20250909/AT2001V_Smg1i/PACBIO_DATA/XCAST_20250825_R84050_PL21539-002_1-1-B01_IsoSeqX_bc07.bam
12749001.0107063,1.35540568590685,017Q,DD017Q_Smg1i,Smg1i,DD,sample14,/proj/regeps/regep00/studies/ExternalCellLines/data/longread/mrna/Randell_Lung_Cells_2025/data/raw/20250909/DD017Q_Smg1i/PACBIO_DATA/XCAST_20250827_R84050_PL21533-003_1-1-C01_IsoSeqX_bc01.bam
12023342.2159567,1.34718239606672,047N,DD047N_Smg1i,Smg1i,DD,sample18,/proj/regeps/regep00/studies/ExternalCellLines/data/longread/mrna/Randell_Lung_Cells_2025/data/raw/20250909/DD047N_Smg1i/PACBIO_DATA/XCAST_20250827_R84050_PL21535-002_1-1-C01_IsoSeqX_bc03.bam
11491542.6633066,0.807509167445151,2001,AT2001V_DMSO,DMSO,AT,sample5,/proj/regeps/regep00/studies/ExternalCellLines/data/longread/mrna/Randell_Lung_Cells_2025/data/raw/20250909/AT2001V_DMSO/PACBIO_DATA/XCAST_20250827_R84050_PL21540-002_1-1-C01_IsoSeqX_bc08.bam
10993831.0930538,1.02954193384217,2029,AT2029T_Smg1i,Smg1i,AT,sample10,/proj/regeps/regep00/studies/ExternalCellLines/data/longread/mrna/Randell_Lung_Cells_2025/data/raw/20250909/AT2029T_Smg1i/PACBIO_DATA/XCAST_20250827_R84050_PL21541-003_1-1-C01_IsoSeqX_bc09.bam
9547017.2291266,0.893644552982757,2029,AT2029T_DMSO,DMSO,AT,sample9,/proj/regeps/regep00/studies/ExternalCellLines/data/longread/mrna/Randell_Lung_Cells_2025/data/raw/20250909/AT2029T_DMSO/PACBIO_DATA/XCAST_20250827_R84050_PL21542-002_1-1-C01_IsoSeqX_bc10.bam
20284208.324317,0.814100526503398,027U,MV027U_Smg1i,Smg1i,MV,sample36,/proj/regeps/regep00/studies/ExternalCellLines/data/longread/mrna/Randell_Lung_Cells_2025/data/raw/20251112/MV027U_Smg1i/PACBIO_DATA/XCAST_20251103_R84050_PL28431-001-1-B01_IsoSeqX_bc01.bam
11145780.9923943,0.711943358475173,027U,MV027U_DMSO,DMSO,MV,sample35,/proj/regeps/regep00/studies/ExternalCellLines/data/longread/mrna/Randell_Lung_Cells_2025/data/raw/20251112/MV027U_DMSO/PACBIO_DATA/XCAST_20251103_R84050_PL28432-001-1-B01_IsoSeqX_bc02.bam
22875226.6158073,0.705356615189897,027U,FB027U_Smg1i,Smg1i,FB,sample30,/proj/regeps/regep00/studies/ExternalCellLines/data/longread/mrna/Randell_Lung_Cells_2025/data/raw/20251112/FB027U_Smg1i/PACBIO_DATA/XCAST_20251103_R84050_PL28433-001-1-B01_IsoSeqX_bc03.bam
20722466.6496433,0.656411018697976,027U,FB027U_DMSO,DMSO,FB,sample29,/proj/regeps/regep00/studies/ExternalCellLines/data/longread/mrna/Randell_Lung_Cells_2025/data/raw/20251112/FB027U_DMSO/PACBIO_DATA/XCAST_20251103_R84050_PL28434-001-1-B01_IsoSeqX_bc04.bam
5339913.16145023,1.14144373211503,001V,MV001V_Smg1i,Smg1i,MV,sample34,/proj/regeps/regep00/studies/ExternalCellLines/data/longread/mrna/Randell_Lung_Cells_2025/data/raw/20251112/MV001V_Smg1i/PACBIO_DATA/XCAST_20251105_R8405_1_PL28435-0011-C01_IsoSeqX_bc05.bam
1556406.93986981,1.36667191033021,001V,MV001V_DMSO,DMSO,MV,sample33,/proj/regeps/regep00/studies/ExternalCellLines/data/longread/mrna/Randell_Lung_Cells_2025/data/raw/20251112/MV001V_DMSO/PACBIO_DATA/XCAST_20251105_R8405_1_PL28436-0011-C01_IsoSeqX_bc06.bam
18167984.1923022,0.867839278890156,001V,FB001V_Smg1i,Smg1i,FB,sample28,/proj/regeps/regep00/studies/ExternalCellLines/data/longread/mrna/Randell_Lung_Cells_2025/data/raw/20251112/FB001V_Smg1i/PACBIO_DATA/XCAST_20251105_R8405_1_PL28437-0011-C01_IsoSeqX_bc07.bam
18807902.9528966,0.642989190237565,001V,FB001V_DMSO,DMSO,FB,sample27,/proj/regeps/regep00/studies/ExternalCellLines/data/longread/mrna/Randell_Lung_Cells_2025/data/raw/20251112/FB001V_DMSO/PACBIO_DATA/XCAST_20251105_R8405_1_PL28438-0011-C01_IsoSeqX_bc08.bam
7952634.61326543,1.09879890288903,029T,MV029T_Smg1i,Smg1i,MV,sample38,/proj/regeps/regep00/studies/ExternalCellLines/data/longread/mrna/Randell_Lung_Cells_2025/data/raw/20251112/MV029T_Smg1i/PACBIO_DATA/XCAST_20251105_R8405_1_PL28439-0011-D01_IsoSeqX_bc09.bam
32618540.8575338,0.598316108704938,029T,MV029T_DMSO,DMSO,MV,sample37,/proj/regeps/regep00/studies/ExternalCellLines/data/longread/mrna/Randell_Lung_Cells_2025/data/raw/20251112/MV029T_DMSO/PACBIO_DATA/XCAST_20251105_R8405_1_PL28440-0011-D01_IsoSeqX_bc10.bam
14890291.4531166,0.875287254322292,029T,FB029T_Smg1i_clean,Smg1i,FB,sample32,/proj/regeps/regep00/studies/ExternalCellLines/data/longread/mrna/Randell_Lung_Cells_2025/data/raw/20251112/FB029T_Smg1i_clean/PACBIO_DATA/XCAST_20251105_R8405_1_PL28441-0011-D01_IsoSeqX_bc11.bam
7706957.78476287,0.860917813803474,029T,FB029T_DMSO_clean,DMSO,FB,sample31,/proj/regeps/regep00/studies/ExternalCellLines/data/longread/mrna/Randell_Lung_Cells_2025/data/raw/20251112/FB029T_DMSO_clean/PACBIO_DATA/XCAST_20251105_R8405_1_PL28442-0011-D01_IsoSeqX_bc12.bam
