ensembl_gene_id,hgnc_symbol,entrez_id,n_ptcneg_isoforms,categories,max_n_ct_sig,max_abs_logfc
ENSG00000003400,CASP10,843,1,no_downstream_ejc,2,1.337
ENSG00000003402,CFLAR,8837,1,truncated_no_ejc,1,1.755
ENSG00000003509,NDUFAF7,55471,1,truncated_no_ejc,4,0.626
ENSG00000004455,AK2,204,1,truncated_no_ejc,4,0.249
ENSG00000005020,SKAP2,8935,1,no_downstream_ejc,2,1.834
ENSG00000005448,WDR54,84058,1,truncated_no_ejc,3,1.553
ENSG00000005801,ZNF195,7748,1,truncated_no_ejc,3,1.254
ENSG00000005812,FBXL3,26224,1,truncated_no_ejc,4,1.336
ENSG00000005893,LAMP2,3920,1,no_downstream_ejc,4,0.457
ENSG00000006555,TTC22,55001,2,truncated_no_ejc,1,1.558
ENSG00000006634,DBF4,10926,1,truncated_no_ejc,4,0.476
ENSG00000007376,RPUSD1,113000,2,no_downstream_ejc;truncated_no_ejc,3,1.022
ENSG00000007923,DNAJC11,55735,1,truncated_no_ejc,1,2.37
ENSG00000008130,NADK,65220,1,no_downstream_ejc,4,2.462
ENSG00000008324,SS18L2,51188,1,no_downstream_ejc,3,2.434
ENSG00000010438,PRSS3,5646,1,no_downstream_ejc,1,4.315
ENSG00000011143,MKS1,54903,1,truncated_no_ejc,4,0.617
ENSG00000012174,MBTPS2,51360,1,truncated_no_ejc,1,0.933
ENSG00000013374,NUB1,51667,1,no_downstream_ejc,1,0.337
ENSG00000013523,ANGEL1,23357,1,no_downstream_ejc,3,2.921
ENSG00000013563,DNASE1L1,1774,1,no_downstream_ejc,4,2.795
ENSG00000016402,IL20RA,53832,1,truncated_no_ejc,1,2.497
ENSG00000020256,ZFP64,55734,2,truncated_no_ejc,1,0.972
ENSG00000023041,ZDHHC6,64429,1,no_downstream_ejc,4,0.36
ENSG00000026950,BTN3A1,11119,1,truncated_no_ejc,2,0.574
ENSG00000028839,TBPL1,9519,1,no_downstream_ejc,2,0.417
ENSG00000031698,SARS1,6301,1,truncated_no_ejc,3,0.464
ENSG00000031823,RANBP3,8498,2,no_downstream_ejc;truncated_no_ejc,4,0.432
ENSG00000033011,ALG1,56052,1,truncated_no_ejc,1,0.705
ENSG00000033100,CHPF2,54480,1,truncated_no_ejc,1,0.704
ENSG00000033627,ATP6V0A1,535,1,truncated_no_ejc,3,2.193
ENSG00000034533,ASTE1,28990,3,no_downstream_ejc;truncated_no_ejc,1,1.134
ENSG00000037241,RPL26L1,51121,1,no_downstream_ejc,3,5.539
ENSG00000037749,MFAP3,4238,1,no_downstream_ejc,4,0.4
ENSG00000039650,PNKP,11284,2,no_downstream_ejc,4,2.37
ENSG00000040633,PHF23,79142,1,truncated_no_ejc,4,0.311
ENSG00000041880,PARP3,10039,1,no_downstream_ejc,1,1.577
ENSG00000041988,THAP3,90326,1,truncated_no_ejc,4,2.181
ENSG00000043093,DCUN1D1,54165,1,no_downstream_ejc,1,0.457
ENSG00000043143,JADE2,23338,1,no_downstream_ejc,3,1.466
ENSG00000046647,GEMIN8,54960,1,no_downstream_ejc,2,2.778
ENSG00000047056,WDR37,22884,1,truncated_no_ejc,3,0.931
ENSG00000047230,CTPS2,56474,1,no_downstream_ejc,1,1.227
ENSG00000048140,TSPAN17,26262,1,truncated_no_ejc,1,1.153
ENSG00000048540,LMO3,55885,3,no_downstream_ejc,1,2.226
ENSG00000049283,EPN3,55040,1,truncated_no_ejc,1,2.244
ENSG00000049860,HEXB,3074,1,truncated_no_ejc,4,0.42
ENSG00000050405,LIMA1,51474,1,no_downstream_ejc,4,0.367
ENSG00000051108,HERPUD1,9709,1,truncated_no_ejc,1,2.918
ENSG00000052723,SIKE1,80143,1,no_downstream_ejc,3,0.37
ENSG00000052841,TTC17,55761,1,truncated_no_ejc,1,0.706
ENSG00000053501,USE1,55850,2,truncated_no_ejc,4,2.26
ENSG00000055070,SZRD1,26099,1,truncated_no_ejc,4,0.138
ENSG00000057935,MTA3,57504,1,truncated_no_ejc,4,0.59
ENSG00000059573,ALDH18A1,5832,1,truncated_no_ejc,1,0.302
ENSG00000063176,SPHK2,56848,1,truncated_no_ejc,4,2.369
ENSG00000063761,ADCK1,57143,2,truncated_no_ejc,3,1.454
ENSG00000065057,NTHL1,4913,2,no_downstream_ejc;truncated_no_ejc,4,1.839
ENSG00000065328,MCM10,55388,2,no_downstream_ejc;truncated_no_ejc,1,1.88
ENSG00000065457,ADAT1,23536,1,no_downstream_ejc,3,0.414
ENSG00000065548,ZC3H15,55854,2,truncated_no_ejc,4,4.497
ENSG00000065621,GSTO2,119391,1,no_downstream_ejc,1,1.586
ENSG00000066044,ELAVL1,1994,1,truncated_no_ejc,3,1.475
ENSG00000066136,NFYC,4802,2,no_downstream_ejc,4,3.655
ENSG00000066654,THUMPD1,55623,1,no_downstream_ejc,4,0.437
ENSG00000067064,IDI1,3422,1,no_downstream_ejc,1,2.353
ENSG00000067560,RHOA,387,1,no_downstream_ejc,4,0.344
ENSG00000068028,RASSF1,11186,1,no_downstream_ejc,4,2.822
ENSG00000068097,HEATR6,63897,1,truncated_no_ejc,3,1.24
ENSG00000068438,FTSJ1,24140,1,no_downstream_ejc,1,0.988
ENSG00000070214,SLC44A1,23446,1,truncated_no_ejc,4,0.399
ENSG00000070367,EXOC5,10640,1,truncated_no_ejc,3,3.526
ENSG00000070785,EIF2B3,8891,1,truncated_no_ejc,4,0.39
ENSG00000071082,RPL31,6160,1,no_downstream_ejc,4,1.563
ENSG00000071575,TRIB2,28951,2,no_downstream_ejc;truncated_no_ejc,3,1.29
ENSG00000072422,RHOBTB1,9886,1,no_downstream_ejc,1,1.621
ENSG00000073350,LLGL2,3993,1,truncated_no_ejc,1,0.877
ENSG00000073584,SMARCE1,6605,1,truncated_no_ejc,3,0.833
ENSG00000073849,ST6GAL1,6480,1,no_downstream_ejc,1,1.227
ENSG00000074071,MRPS34,65993,1,no_downstream_ejc,3,0.489
ENSG00000074219,TEAD2,8463,1,no_downstream_ejc,1,1.221
ENSG00000074582,BCS1L,617,1,no_downstream_ejc,1,1.24
ENSG00000074603,DPP8,54878,1,truncated_no_ejc,4,1.504
ENSG00000075415,SLC25A3,5250,1,no_downstream_ejc,4,0.251
ENSG00000075643,MOCOS,55034,1,truncated_no_ejc,1,0.682
ENSG00000075790,BCAP29,55973,1,no_downstream_ejc,1,0.174
ENSG00000076351,SLC46A1,113235,1,truncated_no_ejc,1,1.573
ENSG00000077238,IL4R,3566,1,truncated_no_ejc,4,2.865
ENSG00000078043,PIAS2,9063,1,truncated_no_ejc,4,0.467
ENSG00000078967,UBE2D4,51619,1,no_downstream_ejc,4,0.91
ENSG00000079246,XRCC5,7520,1,truncated_no_ejc,4,0.225
ENSG00000079462,PAFAH1B3,5050,1,truncated_no_ejc,1,1.515
ENSG00000079999,KEAP1,9817,1,no_downstream_ejc,4,0.389
ENSG00000080822,CLDND1,56650,1,truncated_no_ejc,1,1.831
ENSG00000081386,ZNF510,22869,1,no_downstream_ejc,4,2.926
ENSG00000081870,IFT25,51668,1,no_downstream_ejc,4,0.568
ENSG00000081923,ATP8B1,5205,1,truncated_no_ejc,3,1.591
ENSG00000082497,SERTAD4,56256,1,truncated_no_ejc,1,1.988
ENSG00000082556,OPRK1,4986,1,truncated_no_ejc,1,1.443
ENSG00000083123,BCKDHB,594,1,truncated_no_ejc,1,2.458
ENSG00000083845,RPS5,6193,2,no_downstream_ejc,4,3.347
ENSG00000085276,MECOM,2122,1,no_downstream_ejc,1,1.042
ENSG00000086200,IPO11,51194,3,no_downstream_ejc,4,3.743
ENSG00000086666,ZFAND6,54469,2,no_downstream_ejc,4,1.373
ENSG00000086730,LAT2,7462,1,no_downstream_ejc,4,2.895
ENSG00000087074,PPP1R15A,23645,2,no_downstream_ejc;truncated_no_ejc,4,1.546
ENSG00000087884,AAMDC,28971,3,no_downstream_ejc,3,2.952
ENSG00000088035,ALG6,29929,1,truncated_no_ejc,4,2.419
ENSG00000088298,EDEM2,55741,1,truncated_no_ejc,1,0.455
ENSG00000088726,TMEM40,55287,2,truncated_no_ejc,1,1.656
ENSG00000088826,SMOX,54498,2,no_downstream_ejc;truncated_no_ejc,4,2.259
ENSG00000088992,TESC,54997,1,truncated_no_ejc,1,2.528
ENSG00000089009,RPL6,6128,2,no_downstream_ejc,4,0.311
ENSG00000089053,ANAPC5,51433,1,truncated_no_ejc,4,0.242
ENSG00000089248,ERP29,10961,1,truncated_no_ejc,4,2.498
ENSG00000089289,IGBP1,3476,1,no_downstream_ejc,4,1.386
ENSG00000089682,RBM41,55285,2,no_downstream_ejc;truncated_no_ejc,3,2.003
ENSG00000090621,PABPC4,8761,1,truncated_no_ejc,1,1.078
ENSG00000090661,CERS4,79603,1,no_downstream_ejc,4,1.637
ENSG00000090989,EXOC1,55763,1,truncated_no_ejc,1,1.571
ENSG00000091879,ANGPT2,285,1,truncated_no_ejc,1,1.158
ENSG00000092068,SLC7A8,23428,1,no_downstream_ejc,1,1.76
ENSG00000092199,HNRNPC,3183,1,no_downstream_ejc,4,2.372
ENSG00000092201,SUPT16H,11198,1,truncated_no_ejc,4,1.268
ENSG00000093144,ECHDC1,55862,2,no_downstream_ejc;truncated_no_ejc,4,2.968
ENSG00000094804,CDC6,990,1,truncated_no_ejc,1,1.567
ENSG00000094914,AAAS,8086,1,truncated_no_ejc,3,0.839
ENSG00000095002,MSH2,4436,1,truncated_no_ejc,1,2.028
ENSG00000095574,IKZF5,64376,1,truncated_no_ejc,4,1.912
ENSG00000095794,CREM,1390,1,no_downstream_ejc,4,0.336
ENSG00000096063,SRPK1,6732,1,truncated_no_ejc,3,1.618
ENSG00000096080,MRPS18A,55168,1,truncated_no_ejc,4,0.642
ENSG00000096654,ZNF184,7738,2,no_downstream_ejc,4,1.218
ENSG00000097046,CDC7,8317,2,no_downstream_ejc,2,2.295
ENSG00000099260,PALMD,54873,1,truncated_no_ejc,1,1.662
ENSG00000099622,CIRBP,1153,1,no_downstream_ejc,4,1.742
ENSG00000099849,RASSF7,8045,1,truncated_no_ejc,4,1.29
ENSG00000099901,RANBP1,5902,1,truncated_no_ejc,4,0.579
ENSG00000099956,SMARCB1,6598,1,no_downstream_ejc,4,0.318
ENSG00000099968,BCL2L13,23786,1,truncated_no_ejc,4,1.659
ENSG00000100038,TOP3B,8940,1,no_downstream_ejc,1,1.363
ENSG00000100124,ANKRD54,129138,1,truncated_no_ejc,4,0.583
ENSG00000100227,POLDIP3,84271,1,truncated_no_ejc,4,0.747
ENSG00000100263,RHBDD3,25807,1,truncated_no_ejc,4,1.978
ENSG00000100266,PACSIN2,11252,1,no_downstream_ejc,1,2.633
ENSG00000100296,THOC5,8563,1,no_downstream_ejc,4,1.249
ENSG00000100300,TSPO,706,1,no_downstream_ejc,4,2.275
ENSG00000100320,RBFOX2,23543,3,no_downstream_ejc;truncated_no_ejc,4,0.713
ENSG00000100325,ASCC2,84164,1,truncated_no_ejc,4,0.444
ENSG00000100360,IFT27,11020,1,truncated_no_ejc,1,1.966
ENSG00000100372,SLC25A17,10478,1,truncated_no_ejc,3,0.48
ENSG00000100395,L3MBTL2,83746,1,truncated_no_ejc,4,1.04
ENSG00000100413,POLR3H,171568,1,no_downstream_ejc,1,0.21
ENSG00000100418,DESI1,27351,1,truncated_no_ejc,3,1.519
ENSG00000100600,LGMN,5641,1,truncated_no_ejc,4,0.48
ENSG00000100603,SNW1,22938,1,truncated_no_ejc,4,1.398
ENSG00000100614,PPM1A,5494,1,no_downstream_ejc,4,0.439
ENSG00000100650,SRSF5,6430,1,no_downstream_ejc,4,0.469
ENSG00000100722,ZC3H14,79882,2,truncated_no_ejc,4,0.772
ENSG00000100814,CCNB1IP1,57820,3,no_downstream_ejc,4,2.141
ENSG00000100823,APEX1,328,3,no_downstream_ejc,4,0.393
ENSG00000100890,PRORP,9692,2,no_downstream_ejc,4,0.356
ENSG00000100938,GMPR2,51292,1,no_downstream_ejc,4,0.488
ENSG00000101040,ZMYND8,23613,1,no_downstream_ejc,1,1.434
ENSG00000101138,CSTF1,1477,2,no_downstream_ejc,4,0.681
ENSG00000101144,BMP7,655,1,truncated_no_ejc,1,1.429
ENSG00000101152,DNAJC5,80331,1,no_downstream_ejc,4,3.225
ENSG00000101220,ADISSP,54976,1,no_downstream_ejc,4,1.16
ENSG00000101294,HM13,81502,1,truncated_no_ejc,4,1.102
ENSG00000101412,E2F1,1869,1,truncated_no_ejc,1,2.081
ENSG00000101558,VAPA,9218,1,no_downstream_ejc,4,0.341
ENSG00000101751,POLI,11201,1,truncated_no_ejc,1,1.328
ENSG00000101773,RBBP8,5932,1,no_downstream_ejc,1,1.65
ENSG00000101928,MOSPD1,56180,2,truncated_no_ejc,4,2.29
ENSG00000102225,CDK16,5127,1,no_downstream_ejc,4,0.706
ENSG00000102898,NUTF2,10204,1,no_downstream_ejc,4,1.344
ENSG00000103037,SETD6,79918,1,no_downstream_ejc,3,0.842
ENSG00000103066,PLA2G15,23659,1,truncated_no_ejc,4,1.234
ENSG00000103194,USP10,9100,1,truncated_no_ejc,1,0.388
ENSG00000103254,ANTKMT,65990,1,truncated_no_ejc,1,1.331
ENSG00000103343,ZNF174,7727,2,no_downstream_ejc;truncated_no_ejc,3,1.291
ENSG00000103490,PYCARD,29108,1,truncated_no_ejc,1,1.556
ENSG00000103502,CDIPT,10423,1,truncated_no_ejc,1,0.325
ENSG00000103507,BCKDK,10295,1,truncated_no_ejc,4,0.257
ENSG00000103550,KNOP1,400506,2,no_downstream_ejc;truncated_no_ejc,4,2.812
ENSG00000104064,GABPB1,2553,1,no_downstream_ejc,4,0.853
ENSG00000104221,BRF2,55290,1,truncated_no_ejc,4,2.347
ENSG00000104320,NBN,4683,1,truncated_no_ejc,1,0.461
ENSG00000104365,IKBKB,3551,1,truncated_no_ejc,1,1.123
ENSG00000104518,GSDMD,79792,1,truncated_no_ejc,1,0.531
ENSG00000104613,INTS10,55174,1,truncated_no_ejc,4,0.582
ENSG00000104626,ERI1,90459,1,no_downstream_ejc,1,1.474
ENSG00000104825,NFKBIB,4793,1,truncated_no_ejc,4,1.138
ENSG00000104886,PLEKHJ1,55111,1,truncated_no_ejc,4,0.793
ENSG00000104892,KLC3,147700,1,no_downstream_ejc,1,1.617
ENSG00000104946,TBC1D17,79735,1,truncated_no_ejc,4,1.946
ENSG00000104957,YJU2B,81576,2,no_downstream_ejc,4,2.649
ENSG00000105364,MRPL4,51073,1,truncated_no_ejc,4,0.381
ENSG00000105393,BABAM1,29086,2,no_downstream_ejc,4,0.422
ENSG00000105472,CLEC11A,6320,1,truncated_no_ejc,1,1.999
ENSG00000105499,PLA2G4C,8605,2,truncated_no_ejc,1,2.043
ENSG00000105552,BCAT2,587,1,truncated_no_ejc,4,0.353
ENSG00000105649,RAB3A,5864,1,no_downstream_ejc,1,2.769
ENSG00000105698,USF2,7392,1,truncated_no_ejc,1,0.863
ENSG00000105750,ZNF85,7639,1,no_downstream_ejc,3,2.333
ENSG00000105854,PON2,5445,1,truncated_no_ejc,4,0.382
ENSG00000105939,ZC3HAV1,56829,1,no_downstream_ejc,3,1.546
ENSG00000106009,BRAT1,221927,1,no_downstream_ejc,1,0.645
ENSG00000106125,MINDY4,84182,2,truncated_no_ejc,2,1.817
ENSG00000106246,PTCD1,26024,1,no_downstream_ejc,1,1.495
ENSG00000106258,CYP3A5,1577,1,truncated_no_ejc,1,2.536
ENSG00000106404,CLDN15,24146,3,no_downstream_ejc,4,4.109
ENSG00000106477,CEP41,95681,2,truncated_no_ejc,4,0.423
ENSG00000106686,SPATA6L,55064,1,truncated_no_ejc,2,1.103
ENSG00000107625,DDX50,79009,1,truncated_no_ejc,1,1.488
ENSG00000107779,BMPR1A,657,1,no_downstream_ejc,1,2.547
ENSG00000107882,SUFU,51684,2,no_downstream_ejc;truncated_no_ejc,3,0.905
ENSG00000107960,STN1,79991,1,no_downstream_ejc,4,0.606
ENSG00000108384,RAD51C,5889,1,truncated_no_ejc,1,0.945
ENSG00000108433,GOSR2,9570,1,truncated_no_ejc,4,1.975
ENSG00000108523,RNF167,26001,3,no_downstream_ejc,4,0.407
ENSG00000108528,SLC25A11,8402,1,truncated_no_ejc,4,0.694
ENSG00000108671,PSMD11,5717,1,no_downstream_ejc,1,0.908
ENSG00000108773,KAT2A,2648,1,truncated_no_ejc,1,1.62
ENSG00000109016,DHRS7B,25979,1,truncated_no_ejc,4,1.628
ENSG00000109065,NAT9,26151,3,no_downstream_ejc;truncated_no_ejc,4,3.064
ENSG00000109066,SLC38A12,54868,1,truncated_no_ejc,3,1.683
ENSG00000109103,UNC119,9094,1,truncated_no_ejc,2,0.596
ENSG00000109180,OCIAD1,54940,3,no_downstream_ejc,4,0.443
ENSG00000109534,GAR1,54433,2,no_downstream_ejc,4,4.394
ENSG00000110002,VWA5A,4013,1,truncated_no_ejc,1,1.074
ENSG00000110025,SNX15,29907,1,truncated_no_ejc,3,0.709
ENSG00000110060,PUS3,83480,1,no_downstream_ejc,4,0.454
ENSG00000110400,NECTIN1,5818,1,no_downstream_ejc,1,0.95
ENSG00000110442,COMMD9,29099,2,truncated_no_ejc,4,1.913
ENSG00000110536,PTPMT1,114971,2,truncated_no_ejc,4,0.511
ENSG00000110851,PRDM4,11108,1,truncated_no_ejc,1,1.201
ENSG00000110911,SLC11A2,4891,1,no_downstream_ejc,2,1.165
ENSG00000111269,CREBL2,1389,1,truncated_no_ejc,1,1.187
ENSG00000111325,OGFOD2,79676,1,truncated_no_ejc,1,0.866
ENSG00000111424,VDR,7421,1,no_downstream_ejc,1,0.404
ENSG00000111554,MDM1,56890,2,truncated_no_ejc,1,1.995
ENSG00000111605,CPSF6,11052,2,no_downstream_ejc,4,0.592
ENSG00000111678,C12orf57,113246,1,truncated_no_ejc,1,1.374
ENSG00000111785,RIC8B,55188,1,truncated_no_ejc,3,0.345
ENSG00000111885,MAN1A1,4121,1,no_downstream_ejc,1,1.037
ENSG00000112039,FANCE,2178,1,truncated_no_ejc,3,1.414
ENSG00000112062,MAPK14,1432,1,no_downstream_ejc,3,0.405
ENSG00000112118,MCM3,4172,1,no_downstream_ejc,4,1.137
ENSG00000112130,RNF8,9025,1,truncated_no_ejc,4,0.409
ENSG00000112312,GMNN,51053,1,no_downstream_ejc,3,1.73
ENSG00000112561,TFEB,7942,1,no_downstream_ejc,4,2.551
ENSG00000112576,CCND3,896,1,truncated_no_ejc,1,0.666
ENSG00000112592,TBP,6908,1,no_downstream_ejc,4,0.365
ENSG00000112773,TENT5A,55603,1,no_downstream_ejc,3,1.466
ENSG00000112972,HMGCS1,3157,1,no_downstream_ejc,4,1.075
ENSG00000112984,KIF20A,10112,1,truncated_no_ejc,1,1.436
ENSG00000113068,PFDN1,5201,1,truncated_no_ejc,4,0.283
ENSG00000113161,HMGCR,3156,2,no_downstream_ejc;truncated_no_ejc,1,1.06
ENSG00000113312,TTC1,7265,1,no_downstream_ejc,4,0.327
ENSG00000113532,ST8SIA4,7903,2,truncated_no_ejc,4,0.953
ENSG00000113638,TTC33,23548,1,truncated_no_ejc,4,1.596
ENSG00000113648,MACROH2A1,9555,3,no_downstream_ejc;truncated_no_ejc,4,0.319
ENSG00000113658,SMAD5,4090,1,truncated_no_ejc,1,1.678
ENSG00000113712,CSNK1A1,1452,2,no_downstream_ejc;truncated_no_ejc,4,0.389
ENSG00000113851,CRBN,51185,1,truncated_no_ejc,4,0.279
ENSG00000114023,FAM162A,26355,1,no_downstream_ejc,1,4.546
ENSG00000114395,CYB561D2,11068,1,no_downstream_ejc,4,0.286
ENSG00000114648,KLHL18,23276,1,no_downstream_ejc,1,0.497
ENSG00000114861,FOXP1,27086,1,truncated_no_ejc,1,1.904
ENSG00000115207,GTF3C2,2976,1,no_downstream_ejc,1,0.308
ENSG00000115211,EIF2B4,8890,1,truncated_no_ejc,4,0.314
ENSG00000115594,IL1R1,3554,1,truncated_no_ejc,1,1.936
ENSG00000115652,UXS1,80146,1,no_downstream_ejc,2,0.427
ENSG00000115661,STK16,8576,1,no_downstream_ejc,4,2.58
ENSG00000115841,RMDN2,151393,1,no_downstream_ejc,1,1.673
ENSG00000115919,KYNU,8942,2,no_downstream_ejc;truncated_no_ejc,2,1.863
ENSG00000115946,PNO1,56902,1,truncated_no_ejc,4,1.59
ENSG00000115947,ORC4,5000,2,no_downstream_ejc,4,0.582
ENSG00000116062,MSH6,2956,1,no_downstream_ejc,1,2.064
ENSG00000116209,TMEM59,9528,1,no_downstream_ejc,4,0.359
ENSG00000116406,EDEM3,80267,1,truncated_no_ejc,1,0.998
ENSG00000116521,SCAMP3,10067,1,truncated_no_ejc,4,0.232
ENSG00000116670,MAD2L2,10459,1,truncated_no_ejc,1,1.52
ENSG00000116704,SLC35D1,23169,1,truncated_no_ejc,4,1.722
ENSG00000116747,RO60,6738,2,no_downstream_ejc,4,0.475
ENSG00000116871,MAP7D1,55700,1,truncated_no_ejc,1,1.531
ENSG00000116874,WARS2,10352,2,truncated_no_ejc,4,1.708
ENSG00000116906,GNPAT,8443,1,truncated_no_ejc,1,0.419
ENSG00000117155,SSX2IP,117178,1,truncated_no_ejc,1,1.759
ENSG00000117226,GBP3,2635,1,truncated_no_ejc,3,0.457
ENSG00000117411,B4GALT2,8704,1,no_downstream_ejc,4,1.128
ENSG00000117461,PIK3R3,8503,1,truncated_no_ejc,1,0.675
ENSG00000117472,TSPAN1,10103,1,no_downstream_ejc,1,1.284
ENSG00000117525,F3,2152,1,truncated_no_ejc,1,1.556
ENSG00000117640,MTFR1L,56181,1,truncated_no_ejc,1,0.304
ENSG00000117791,MTARC2,54996,1,truncated_no_ejc,1,1.013
ENSG00000117859,OSBPL9,114883,4,no_downstream_ejc;truncated_no_ejc,4,3.848
ENSG00000118246,FASTKD2,22868,2,no_downstream_ejc,4,0.382
ENSG00000118260,CREB1,1385,1,no_downstream_ejc,1,0.507
ENSG00000118292,C1orf54,79630,5,no_downstream_ejc;truncated_no_ejc,4,4.302
ENSG00000118418,HMGN3,9324,2,truncated_no_ejc,4,0.765
ENSG00000118564,FBXL5,26234,1,truncated_no_ejc,2,0.388
ENSG00000118680,MYL12B,103910,1,no_downstream_ejc,4,1.693
ENSG00000118707,TGIF2,60436,1,no_downstream_ejc,1,1.507
ENSG00000118922,KLF12,11278,1,no_downstream_ejc,1,2.04
ENSG00000119401,TRIM32,22954,1,no_downstream_ejc,4,0.436
ENSG00000119402,FBXW2,26190,1,no_downstream_ejc,4,0.411
ENSG00000119408,NEK6,10783,1,no_downstream_ejc,2,0.504
ENSG00000119487,MAPKAP1,79109,1,truncated_no_ejc,1,0.415
ENSG00000119522,DENND1A,57706,1,truncated_no_ejc,1,1.562
ENSG00000119559,C19orf25,148223,1,truncated_no_ejc,4,1.469
ENSG00000119599,DCAF4,26094,1,truncated_no_ejc,4,3.421
ENSG00000119703,ZC2HC1C,79696,2,no_downstream_ejc,3,1.277
ENSG00000119707,RBM25,58517,1,truncated_no_ejc,4,3.298
ENSG00000119725,ZNF410,57862,1,no_downstream_ejc,4,0.996
ENSG00000119760,SUPT7L,9913,1,no_downstream_ejc,4,0.464
ENSG00000119844,AFTPH,54812,1,truncated_no_ejc,1,0.333
ENSG00000119977,TCTN3,26123,1,truncated_no_ejc,1,0.328
ENSG00000120265,PCMT1,5110,1,truncated_no_ejc,4,0.276
ENSG00000120685,PROSER1,80209,1,no_downstream_ejc,1,1.526
ENSG00000120705,ETF1,2107,1,no_downstream_ejc,4,0.319
ENSG00000120756,PLS1,5357,1,truncated_no_ejc,2,2.021
ENSG00000120832,MTERF2,80298,1,no_downstream_ejc,4,0.612
ENSG00000121057,AKAP1,8165,1,no_downstream_ejc,1,0.484
ENSG00000121064,SCPEP1,59342,1,truncated_no_ejc,4,1.062
ENSG00000121210,TMEM131L,23240,1,truncated_no_ejc,1,0.865
ENSG00000121289,CEP89,84902,1,truncated_no_ejc,4,1.359
ENSG00000121417,ZNF211,10520,1,no_downstream_ejc,2,1.35
ENSG00000121931,LRIF1,55791,1,no_downstream_ejc,4,2.641
ENSG00000122026,RPL21,6144,3,no_downstream_ejc;truncated_no_ejc,4,3.136
ENSG00000122033,MTIF3,219402,2,no_downstream_ejc,4,0.496
ENSG00000122085,MTERF4,130916,1,truncated_no_ejc,4,2.593
ENSG00000122335,SERAC1,84947,1,truncated_no_ejc,4,3.435
ENSG00000122512,PMS2,5395,1,truncated_no_ejc,3,1.313
ENSG00000122565,CBX3,11335,1,truncated_no_ejc,4,1.99
ENSG00000123080,CDKN2C,1031,1,no_downstream_ejc,4,1.452
ENSG00000123154,WDR83,84292,1,no_downstream_ejc,1,0.344
ENSG00000123297,TSFM,10102,1,truncated_no_ejc,4,2.437
ENSG00000123395,ATG101,60673,2,no_downstream_ejc,4,3.131
ENSG00000123472,ATPAF1,64756,1,truncated_no_ejc,1,0.353
ENSG00000124104,SNX21,90203,1,truncated_no_ejc,1,1.603
ENSG00000124356,STAMBP,10617,1,truncated_no_ejc,2,1.254
ENSG00000124444,ZNF576,79177,1,no_downstream_ejc,4,0.633
ENSG00000124508,BTN2A2,10385,1,no_downstream_ejc,4,1.861
ENSG00000124570,SERPINB6,5269,1,no_downstream_ejc,4,0.296
ENSG00000124588,NQO2,4835,2,no_downstream_ejc,4,3.941
ENSG00000124596,OARD1,221443,2,truncated_no_ejc,4,1.31
ENSG00000124641,MED20,9477,1,truncated_no_ejc,4,2.926
ENSG00000125037,EMC3,55831,2,no_downstream_ejc,4,0.302
ENSG00000125170,DOK4,55715,1,no_downstream_ejc,1,2.777
ENSG00000125257,ABCC4,10257,1,truncated_no_ejc,3,1.566
ENSG00000125375,DMAC2L,27109,1,truncated_no_ejc,1,1.692
ENSG00000125449,ARMC7,79637,1,truncated_no_ejc,2,1.115
ENSG00000125458,NT5C,30833,2,truncated_no_ejc,4,2.591
ENSG00000125703,ATG4C,84938,1,no_downstream_ejc,3,1.33
ENSG00000125741,OPA3,80207,1,truncated_no_ejc,2,0.977
ENSG00000125775,SDCBP2,27111,3,no_downstream_ejc,4,4.268
ENSG00000125871,MGME1,92667,1,truncated_no_ejc,4,0.791
ENSG00000125952,MAX,4149,2,no_downstream_ejc;truncated_no_ejc,4,0.436
ENSG00000126005,MMP24OS,101410538,2,no_downstream_ejc,4,3.288
ENSG00000126456,IRF3,3661,2,no_downstream_ejc,4,3.032
ENSG00000126581,BECN1,8678,3,no_downstream_ejc;truncated_no_ejc,4,0.53
ENSG00000126778,SIX1,6495,1,truncated_no_ejc,4,1.143
ENSG00000127022,CANX,821,1,truncated_no_ejc,4,1.639
ENSG00000127054,INTS11,54973,1,truncated_no_ejc,1,0.357
ENSG00000127252,PLAAT1,57110,1,no_downstream_ejc,1,1.765
ENSG00000127564,PKMYT1,9088,1,no_downstream_ejc,1,1.824
ENSG00000127663,KDM4B,23030,1,truncated_no_ejc,1,1.315
ENSG00000127922,SEM1,7979,1,no_downstream_ejc,1,2.083
ENSG00000128272,ATF4,468,1,no_downstream_ejc,4,2.551
ENSG00000128309,MPST,4357,1,truncated_no_ejc,2,0.393
ENSG00000128408,RIBC2,26150,1,truncated_no_ejc,2,2.309
ENSG00000128463,EMC4,51234,1,truncated_no_ejc,3,0.197
ENSG00000128708,HAT1,8520,1,truncated_no_ejc,4,0.571
ENSG00000129055,ANAPC13,25847,1,no_downstream_ejc,4,0.486
ENSG00000129151,BBOX1,8424,1,no_downstream_ejc,1,1.171
ENSG00000129518,EAPP,55837,1,truncated_no_ejc,4,1.762
ENSG00000129667,RHBDF2,79651,1,no_downstream_ejc,1,1.678
ENSG00000129696,TTI2,80185,1,no_downstream_ejc,3,0.375
ENSG00000130177,CDC16,8881,1,no_downstream_ejc,4,0.312
ENSG00000130193,THEM6,51337,1,no_downstream_ejc,3,1.146
ENSG00000130254,SAFB2,9667,1,truncated_no_ejc,4,0.375
ENSG00000130522,JUND,3727,1,no_downstream_ejc,1,1.974
ENSG00000130560,UBAC1,10422,1,truncated_no_ejc,1,1.414
ENSG00000130703,OSBPL2,9885,1,truncated_no_ejc,2,1.433
ENSG00000130844,ZNF331,55422,1,no_downstream_ejc,1,1.459
ENSG00000131051,RBM39,9584,1,truncated_no_ejc,4,0.433
ENSG00000131069,ACSS2,55902,1,truncated_no_ejc,1,1.727
ENSG00000131115,ZNF227,7770,1,no_downstream_ejc,1,2.259
ENSG00000131127,ZNF141,7700,2,truncated_no_ejc,4,1.861
ENSG00000131238,PPT1,5538,1,truncated_no_ejc,4,0.434
ENSG00000131351,HAUS8,93323,1,truncated_no_ejc,3,0.847
ENSG00000131368,MRPS25,64432,1,truncated_no_ejc,4,1.439
ENSG00000131389,SLC6A6,6533,1,no_downstream_ejc,4,1.359
ENSG00000131400,NAPSA,9476,1,no_downstream_ejc,4,3.842
ENSG00000131446,MGAT1,4245,1,no_downstream_ejc,1,0.561
ENSG00000131781,FMO5,2330,1,no_downstream_ejc,1,1.605
ENSG00000131791,PRKAB2,5565,2,no_downstream_ejc;truncated_no_ejc,4,0.724
ENSG00000131871,SELENOS,55829,1,no_downstream_ejc,4,2.868
ENSG00000132109,TRIM21,6737,1,truncated_no_ejc,1,1.086
ENSG00000132313,MRPL35,51318,1,truncated_no_ejc,2,0.344
ENSG00000132394,EEFSEC,60678,1,truncated_no_ejc,1,2.258
ENSG00000132423,COQ3,51805,1,truncated_no_ejc,3,0.713
ENSG00000132600,PRMT7,54496,1,no_downstream_ejc,4,0.455
ENSG00000132646,PCNA,5111,1,no_downstream_ejc,2,0.881
ENSG00000132670,PTPRA,5786,1,truncated_no_ejc,1,0.399
ENSG00000132773,TOE1,114034,1,no_downstream_ejc,1,1.071
ENSG00000132780,NASP,4678,1,truncated_no_ejc,4,1.941
ENSG00000132879,FBXO44,93611,2,no_downstream_ejc,1,1.659
ENSG00000133134,BEX2,84707,1,no_downstream_ejc,1,2.07
ENSG00000133142,TCEAL4,79921,1,no_downstream_ejc,4,0.235
ENSG00000133193,VCF1,84923,1,no_downstream_ejc,4,0.288
ENSG00000133574,GIMAP4,55303,1,truncated_no_ejc,1,3.115
ENSG00000133961,NUMB,8650,1,no_downstream_ejc,1,2.031
ENSG00000134077,THUMPD3,25917,1,no_downstream_ejc,4,0.357
ENSG00000134146,DPH6,89978,1,no_downstream_ejc,3,1.309
ENSG00000134285,FKBP11,51303,1,no_downstream_ejc,1,2.527
ENSG00000134371,CDC73,79577,1,truncated_no_ejc,4,0.285
ENSG00000134419,RPS15A,6210,1,no_downstream_ejc,1,0.531
ENSG00000134779,TPGS2,25941,1,truncated_no_ejc,1,0.489
ENSG00000134809,TIMM10,26519,1,no_downstream_ejc,1,2.71
ENSG00000134986,NREP,9315,1,no_downstream_ejc,1,1.97
ENSG00000135090,TAOK3,51347,1,no_downstream_ejc,1,0.58
ENSG00000135124,P2RX4,5025,1,truncated_no_ejc,1,1.759
ENSG00000135164,DMTF1,9988,1,no_downstream_ejc,4,3.405
ENSG00000135336,ORC3,23595,1,no_downstream_ejc,4,0.619
ENSG00000135404,CD63,967,1,no_downstream_ejc,3,1.116
ENSG00000135441,BLOC1S1,2647,1,no_downstream_ejc,1,1.698
ENSG00000135617,PRADC1,84279,1,truncated_no_ejc,1,0.447
ENSG00000135723,FHOD1,29109,1,truncated_no_ejc,3,1.49
ENSG00000135838,NPL,80896,2,no_downstream_ejc;truncated_no_ejc,4,1.308
ENSG00000135925,WNT10A,80326,1,truncated_no_ejc,1,2.496
ENSG00000135932,CAB39,51719,1,no_downstream_ejc,4,2.183
ENSG00000136146,MED4,29079,1,no_downstream_ejc,1,0.358
ENSG00000136709,WDR33,55339,1,no_downstream_ejc,4,0.341
ENSG00000136717,BIN1,274,3,truncated_no_ejc,1,1.877
ENSG00000136811,ODF2,4957,2,no_downstream_ejc;truncated_no_ejc,4,2.918
ENSG00000136870,ZNF189,7743,1,truncated_no_ejc,4,2.394
ENSG00000136891,TEX10,54881,1,truncated_no_ejc,1,0.429
ENSG00000136933,RABEPK,10244,3,no_downstream_ejc;truncated_no_ejc,4,0.479
ENSG00000137040,RANBP6,26953,1,truncated_no_ejc,1,1.066
ENSG00000137198,GMPR,2766,1,truncated_no_ejc,4,1.509
ENSG00000137267,TUBB2A,7280,1,truncated_no_ejc,4,1.983
ENSG00000137310,TCF19,6941,1,no_downstream_ejc,1,1.641
ENSG00000137806,NDUFAF1,51103,1,no_downstream_ejc,4,0.386
ENSG00000137868,STRA6,64220,2,truncated_no_ejc,2,1.805
ENSG00000138061,CYP1B1,1545,1,no_downstream_ejc,2,1.018
ENSG00000138078,PREPL,9581,1,no_downstream_ejc,1,0.692
ENSG00000138166,DUSP5,1847,1,no_downstream_ejc,1,1.359
ENSG00000138385,SSB,6741,1,truncated_no_ejc,1,0.284
ENSG00000138413,IDH1,3417,1,truncated_no_ejc,2,0.697
ENSG00000138443,ABI2,10152,1,no_downstream_ejc,2,0.456
ENSG00000138449,SLC40A1,30061,1,truncated_no_ejc,1,0.74
ENSG00000138600,SPPL2A,84888,1,no_downstream_ejc,3,0.317
ENSG00000138669,PRKG2,5593,1,no_downstream_ejc,1,1.154
ENSG00000139173,TMEM117,84216,1,truncated_no_ejc,4,1.073
ENSG00000139218,SCAF11,9169,1,no_downstream_ejc,4,0.334
ENSG00000139291,TMEM19,55266,1,truncated_no_ejc,4,0.889
ENSG00000139405,RITA1,84934,1,no_downstream_ejc,4,0.584
ENSG00000139436,GIT2,9815,3,no_downstream_ejc,3,1.241
ENSG00000139437,TCHP,84260,1,no_downstream_ejc,1,1.844
ENSG00000139514,SLC7A1,6541,1,truncated_no_ejc,4,1.395
ENSG00000139531,SUOX,6821,2,no_downstream_ejc,4,3.186
ENSG00000139722,VPS37B,79720,1,truncated_no_ejc,3,2.704
ENSG00000140374,ETFA,2108,1,truncated_no_ejc,4,0.366
ENSG00000140382,HMG20A,10363,1,no_downstream_ejc,4,0.4
ENSG00000140464,PML,5371,1,truncated_no_ejc,2,0.305
ENSG00000140465,CYP1A1,1543,4,no_downstream_ejc;truncated_no_ejc,1,2.899
ENSG00000140471,LINS1,55180,1,no_downstream_ejc,4,0.678
ENSG00000140830,TXNL4B,54957,1,no_downstream_ejc,3,1.913
ENSG00000140939,NOL3,8996,1,no_downstream_ejc,1,1.35
ENSG00000140950,MEAK7,57707,1,truncated_no_ejc,3,1.887
ENSG00000140961,OSGIN1,29948,1,no_downstream_ejc,3,0.84
ENSG00000140990,NDUFB10,4716,1,truncated_no_ejc,1,0.462
ENSG00000141076,UTP4,84916,1,truncated_no_ejc,4,0.294
ENSG00000141127,PRPSAP2,5636,2,no_downstream_ejc,4,0.833
ENSG00000141252,VPS53,55275,1,no_downstream_ejc,1,1.75
ENSG00000141378,PTRH2,51651,3,no_downstream_ejc,4,3.526
ENSG00000141380,SS18,6760,1,no_downstream_ejc,4,0.327
ENSG00000141391,PRELID3A,10650,4,no_downstream_ejc,4,4.039
ENSG00000141480,ARRB2,409,2,no_downstream_ejc,3,1.819
ENSG00000141499,WRAP53,55135,1,no_downstream_ejc,4,0.567
ENSG00000141526,SLC16A3,9123,1,no_downstream_ejc,3,2.322
ENSG00000141542,RAB40B,10966,1,truncated_no_ejc,1,1.182
ENSG00000141562,NARF,26502,1,truncated_no_ejc,4,0.648
ENSG00000141696,P3H4,10609,1,truncated_no_ejc,1,2.572
ENSG00000141738,GRB7,2886,1,truncated_no_ejc,1,1.513
ENSG00000142039,CCDC97,90324,1,no_downstream_ejc,1,0.412
ENSG00000142082,SIRT3,23410,1,truncated_no_ejc,1,1.422
ENSG00000142186,SCYL1,57410,1,truncated_no_ejc,4,1.208
ENSG00000142528,ZNF473,25888,1,no_downstream_ejc,4,2.39
ENSG00000142864,SERBP1,26135,2,no_downstream_ejc;truncated_no_ejc,4,0.381
ENSG00000142910,TINAGL1,64129,1,truncated_no_ejc,4,1.669
ENSG00000143013,LMO4,8543,1,no_downstream_ejc,1,0.672
ENSG00000143110,C1orf162,128346,3,no_downstream_ejc,3,3.887
ENSG00000143164,DCAF6,55827,1,no_downstream_ejc,1,0.225
ENSG00000143228,NUF2,83540,1,truncated_no_ejc,1,1.809
ENSG00000143258,USP21,27005,1,no_downstream_ejc,4,0.646
ENSG00000143294,PRCC,5546,1,truncated_no_ejc,1,0.37
ENSG00000143314,MRPL24,79590,3,no_downstream_ejc,4,5.414
ENSG00000143387,CTSK,1513,1,truncated_no_ejc,1,0.668
ENSG00000143390,RFX5,5993,3,no_downstream_ejc,4,1.699
ENSG00000143393,PI4KB,5298,2,no_downstream_ejc,1,0.92
ENSG00000143401,ANP32E,81611,1,truncated_no_ejc,3,0.774
ENSG00000143476,DTL,51514,1,truncated_no_ejc,2,3.594
ENSG00000143493,INTS7,25896,1,truncated_no_ejc,1,1.979
ENSG00000143498,TAF1A,9015,2,no_downstream_ejc;truncated_no_ejc,4,2.53
ENSG00000143578,CREB3L4,148327,2,no_downstream_ejc;truncated_no_ejc,4,1.203
ENSG00000143590,EFNA3,1944,1,truncated_no_ejc,1,1.99
ENSG00000143756,FBXO28,23219,1,truncated_no_ejc,1,1.71
ENSG00000143786,CNIH3,149111,1,truncated_no_ejc,1,1.517
ENSG00000143867,OSR1,130497,1,no_downstream_ejc,1,2.788
ENSG00000143947,RPS27A,6233,1,truncated_no_ejc,3,1.457
ENSG00000143971,ETAA1,54465,1,truncated_no_ejc,1,1.681
ENSG00000144034,TPRKB,51002,6,no_downstream_ejc,4,4.598
ENSG00000144120,TMEM177,80775,1,no_downstream_ejc,2,0.353
ENSG00000144182,LIPT1,51601,1,no_downstream_ejc,3,0.64
ENSG00000144354,CDCA7,83879,2,no_downstream_ejc;truncated_no_ejc,2,2.057
ENSG00000144401,METTL21A,151194,2,no_downstream_ejc,4,0.701
ENSG00000144468,RHBDD1,84236,1,no_downstream_ejc,1,1.485
ENSG00000144485,HES6,55502,1,truncated_no_ejc,1,2.16
ENSG00000144524,COPS7B,64708,1,no_downstream_ejc,4,2.12
ENSG00000144713,RPL32,6161,2,no_downstream_ejc;truncated_no_ejc,4,2.962
ENSG00000145216,FIP1L1,81608,6,no_downstream_ejc;truncated_no_ejc,4,0.672
ENSG00000145348,TBCK,93627,1,truncated_no_ejc,1,1.207
ENSG00000145388,METTL14,57721,1,truncated_no_ejc,3,2.129
ENSG00000145604,SKP2,6502,2,truncated_no_ejc,1,1.832
ENSG00000145945,FAM50B,26240,1,no_downstream_ejc,3,1.556
ENSG00000145996,CDKAL1,54901,2,truncated_no_ejc,4,4.088
ENSG00000146143,PRIM2,5558,1,truncated_no_ejc,1,0.552
ENSG00000146707,POMZP3,22932,1,truncated_no_ejc,4,1.352
ENSG00000146733,PSPH,5723,1,truncated_no_ejc,1,1.73
ENSG00000146802,TMEM168,64418,2,no_downstream_ejc,3,1.143
ENSG00000146833,TRIM4,89122,2,truncated_no_ejc,1,1.515
ENSG00000146842,TMEM209,84928,1,truncated_no_ejc,4,2.511
ENSG00000147100,SLC16A2,6567,1,truncated_no_ejc,1,2.149
ENSG00000147118,ZNF182,7569,1,no_downstream_ejc,1,2.059
ENSG00000147121,KRABD4,55634,2,no_downstream_ejc;truncated_no_ejc,4,1.189
ENSG00000147419,CCDC25,55246,1,truncated_no_ejc,1,1.018
ENSG00000147996,ZNG1E,220869,1,truncated_no_ejc,4,0.188
ENSG00000148090,AUH,549,1,truncated_no_ejc,1,1.345
ENSG00000148153,INIP,58493,1,truncated_no_ejc,4,0.92
ENSG00000148187,MRRF,92399,1,no_downstream_ejc,1,0.36
ENSG00000148399,DPH7,92715,1,truncated_no_ejc,3,1.193
ENSG00000148688,RPP30,10556,1,no_downstream_ejc,4,0.589
ENSG00000148690,FRA10AC1,118924,1,truncated_no_ejc,4,4.413
ENSG00000148737,TCF7L2,6934,1,truncated_no_ejc,1,0.996
ENSG00000148803,FUOM,282969,1,truncated_no_ejc,2,1.707
ENSG00000148814,LRRC27,80313,1,truncated_no_ejc,1,1.789
ENSG00000148832,PAOX,196743,1,truncated_no_ejc,1,1.854
ENSG00000148835,TAF5,6877,2,truncated_no_ejc,3,1.928
ENSG00000148842,CNNM2,54805,1,no_downstream_ejc,1,2.014
ENSG00000148950,IMMP1L,196294,3,truncated_no_ejc,4,2.043
ENSG00000149179,CSTPP1,79096,1,truncated_no_ejc,4,2.699
ENSG00000149212,SESN3,143686,1,no_downstream_ejc,1,1.668
ENSG00000149257,SERPINH1,871,1,no_downstream_ejc,4,3.425
ENSG00000149292,TTC12,54970,1,truncated_no_ejc,4,1.204
ENSG00000149346,SLX4IP,128710,1,truncated_no_ejc,4,0.965
ENSG00000149474,KAT14,57325,1,truncated_no_ejc,1,0.499
ENSG00000149547,EI24,9538,1,no_downstream_ejc,4,0.235
ENSG00000149554,CHEK1,1111,1,no_downstream_ejc,1,1.622
ENSG00000149798,CDC42EP2,10435,1,no_downstream_ejc,1,1.551
ENSG00000149932,TMEM219,124446,1,no_downstream_ejc,4,0.219
ENSG00000150316,CWC15,51503,1,no_downstream_ejc,4,3.111
ENSG00000150433,TMEM218,219854,1,no_downstream_ejc,1,0.588
ENSG00000150455,TIRAP,114609,1,no_downstream_ejc,1,1.455
ENSG00000150510,FAM124A,220108,1,truncated_no_ejc,1,1.622
ENSG00000150593,PDCD4,27250,1,truncated_no_ejc,4,0.526
ENSG00000150776,NKAPD1,55216,2,truncated_no_ejc,4,2.23
ENSG00000150977,RILPL2,196383,1,truncated_no_ejc,4,1.853
ENSG00000151292,CSNK1G3,1456,1,no_downstream_ejc,2,0.61
ENSG00000151500,THYN1,29087,5,no_downstream_ejc;truncated_no_ejc,4,1.284
ENSG00000151552,QDPR,5860,1,truncated_no_ejc,4,0.477
ENSG00000151575,TEX9,374618,1,truncated_no_ejc,1,1.591
ENSG00000151715,TMEM45B,120224,1,truncated_no_ejc,1,1.322
ENSG00000151746,BICD1,636,1,no_downstream_ejc,3,1.929
ENSG00000152242,ARK2N,147339,1,no_downstream_ejc,1,2.159
ENSG00000152749,GPR180,160897,1,truncated_no_ejc,4,2.3
ENSG00000152763,DNAI4,79819,1,truncated_no_ejc,1,0.898
ENSG00000152767,FARP1,10160,1,no_downstream_ejc,1,1.185
ENSG00000152904,GGPS1,9453,1,no_downstream_ejc,4,0.36
ENSG00000152939,MARVELD2,153562,1,no_downstream_ejc,1,1.566
ENSG00000152952,PLOD2,5352,1,truncated_no_ejc,1,1.344
ENSG00000152990,ADGRA3,166647,1,truncated_no_ejc,1,2.276
ENSG00000153037,SRP19,6728,2,truncated_no_ejc,4,3.243
ENSG00000153406,NMRAL1,57407,1,no_downstream_ejc,1,0.394
ENSG00000153446,C16orf89,146556,1,truncated_no_ejc,1,0.953
ENSG00000153975,ZUP1,221302,1,no_downstream_ejc,1,1.137
ENSG00000154080,CHST9,83539,1,truncated_no_ejc,1,2.519
ENSG00000154277,UCHL1,7345,1,no_downstream_ejc,1,1.522
ENSG00000154473,BUB3,9184,1,truncated_no_ejc,4,0.401
ENSG00000154589,LY96,23643,1,truncated_no_ejc,1,1.285
ENSG00000154743,TSEN2,80746,3,no_downstream_ejc,3,1.822
ENSG00000154845,PPP4R1,9989,1,no_downstream_ejc,2,1.345
ENSG00000154889,MPPE1,65258,1,truncated_no_ejc,4,1.133
ENSG00000154920,EME1,146956,1,truncated_no_ejc,1,2.184
ENSG00000155265,GOLGA7B,401647,1,no_downstream_ejc,1,2.252
ENSG00000155636,RBM45,129831,1,no_downstream_ejc,4,0.324
ENSG00000156253,RWDD2B,10069,1,truncated_no_ejc,4,0.703
ENSG00000156265,MAP3K7CL,56911,1,no_downstream_ejc,4,2.43
ENSG00000156463,SH3RF2,153769,1,no_downstream_ejc,1,1.08
ENSG00000156469,MTERF3,51001,1,no_downstream_ejc,4,2.568
ENSG00000156500,PABIR3,159091,1,no_downstream_ejc,4,1.11
ENSG00000156521,TYSND1,219743,1,truncated_no_ejc,1,0.607
ENSG00000156531,PHF6,84295,1,truncated_no_ejc,2,1.212
ENSG00000156603,MED19,219541,1,truncated_no_ejc,4,3.236
ENSG00000156711,MAPK13,5603,1,truncated_no_ejc,1,1.404
ENSG00000156735,BAG4,9530,1,truncated_no_ejc,1,0.429
ENSG00000156873,PHKG2,5261,2,no_downstream_ejc,3,3.5
ENSG00000156976,EIF4A2,1974,1,truncated_no_ejc,1,0.393
ENSG00000157036,EXOG,9941,1,truncated_no_ejc,1,0.816
ENSG00000157181,ODR4,54953,1,truncated_no_ejc,1,0.743
ENSG00000157214,STEAP2,261729,3,truncated_no_ejc,4,2.49
ENSG00000157551,KCNJ15,3772,1,no_downstream_ejc,1,1.045
ENSG00000157554,ERG,2078,1,truncated_no_ejc,2,0.584
ENSG00000157657,ZNF618,114991,1,truncated_no_ejc,1,1.537
ENSG00000157870,PRXL2B,127281,1,truncated_no_ejc,1,0.755
ENSG00000158019,BABAM2,9577,1,no_downstream_ejc,1,1.729
ENSG00000158301,GPRASP2,114928,1,no_downstream_ejc,4,0.894
ENSG00000158623,COPG2,26958,1,truncated_no_ejc,1,2.134
ENSG00000159256,MORC3,23515,1,truncated_no_ejc,4,1.501
ENSG00000159314,ARHGAP27,201176,1,no_downstream_ejc,1,1.715
ENSG00000159352,PSMD4,5710,2,no_downstream_ejc;truncated_no_ejc,4,0.34
ENSG00000159921,GNE,10020,1,truncated_no_ejc,1,1.754
ENSG00000160179,ABCG1,9619,1,truncated_no_ejc,1,1.636
ENSG00000160310,PRMT2,3275,1,no_downstream_ejc,1,0.401
ENSG00000160325,CACFD1,11094,1,truncated_no_ejc,4,2.562
ENSG00000160570,DEDD2,162989,1,no_downstream_ejc,1,3.257
ENSG00000160679,CHTOP,26097,2,truncated_no_ejc,4,0.406
ENSG00000160688,FLAD1,80308,2,truncated_no_ejc,4,0.789
ENSG00000161010,MRNIP,51149,1,truncated_no_ejc,3,1.416
ENSG00000161048,NAPEPLD,222236,1,no_downstream_ejc,4,0.593
ENSG00000161179,YDJC,150223,1,truncated_no_ejc,1,1.522
ENSG00000161542,PRPSAP1,5635,1,truncated_no_ejc,4,0.4
ENSG00000161642,ZNF385A,25946,1,truncated_no_ejc,2,1.543
ENSG00000162086,ZNF75A,7627,2,no_downstream_ejc;truncated_no_ejc,4,1.709
ENSG00000162194,LBHD1,79081,2,no_downstream_ejc,4,2.842
ENSG00000162300,ZFPL1,7542,1,no_downstream_ejc,1,0.246
ENSG00000162434,JAK1,3716,1,truncated_no_ejc,4,1.018
ENSG00000162441,LZIC,84328,1,no_downstream_ejc,4,0.227
ENSG00000162458,FBLIM1,54751,1,no_downstream_ejc,1,1.976
ENSG00000162599,NFIA,4774,2,no_downstream_ejc;truncated_no_ejc,4,2.096
ENSG00000162694,EXTL2,2135,2,no_downstream_ejc;truncated_no_ejc,3,1.784
ENSG00000162702,ZNF281,23528,1,no_downstream_ejc,1,0.411
ENSG00000162852,CNST,163882,1,no_downstream_ejc,1,1.835
ENSG00000163006,CCDC138,165055,2,truncated_no_ejc,4,2.027
ENSG00000163053,SLC16A14,151473,2,no_downstream_ejc,2,2.236
ENSG00000163110,PDLIM5,10611,1,truncated_no_ejc,1,1.107
ENSG00000163162,RNF149,284996,1,truncated_no_ejc,2,1.77
ENSG00000163362,INAVA,55765,1,no_downstream_ejc,1,1.309
ENSG00000163374,YY1AP1,55249,2,no_downstream_ejc;truncated_no_ejc,4,0.527
ENSG00000163382,NAXE,128240,1,truncated_no_ejc,1,0.358
ENSG00000163472,TMEM79,84283,2,no_downstream_ejc,4,2.15
ENSG00000163481,RNF25,64320,1,truncated_no_ejc,4,0.364
ENSG00000163660,CCNL1,57018,1,truncated_no_ejc,4,3.803
ENSG00000163684,RPP14,11102,1,no_downstream_ejc,4,0.289
ENSG00000163686,ABHD6,57406,3,no_downstream_ejc,4,0.942
ENSG00000163687,DNASE1L3,1776,1,no_downstream_ejc,1,4.242
ENSG00000163694,RBM47,54502,1,no_downstream_ejc,1,2.835
ENSG00000163728,TTC14,151613,2,truncated_no_ejc,4,4.456
ENSG00000163848,ZNF148,7707,1,no_downstream_ejc,1,0.441
ENSG00000163867,ZMYM6,9204,1,no_downstream_ejc,3,2.7
ENSG00000163882,POLR2H,5437,2,no_downstream_ejc,4,3.328
ENSG00000163918,RFC4,5984,2,no_downstream_ejc,4,1.749
ENSG00000164002,EXO5,64789,3,no_downstream_ejc,4,3.167
ENSG00000164011,ZNF691,51058,2,no_downstream_ejc,4,2.093
ENSG00000164039,BDH2,56898,1,truncated_no_ejc,4,0.39
ENSG00000164048,ZNF589,51385,1,truncated_no_ejc,1,1.752
ENSG00000164116,GUCY1A1,2982,1,no_downstream_ejc,3,1.512
ENSG00000164163,ABCE1,6059,1,truncated_no_ejc,2,1.795
ENSG00000164244,PRRC1,133619,1,no_downstream_ejc,1,0.963
ENSG00000164308,ERAP2,64167,1,truncated_no_ejc,3,1.228
ENSG00000164466,SFXN1,94081,1,truncated_no_ejc,1,0.594
ENSG00000164483,SAMD3,154075,1,no_downstream_ejc,1,2.612
ENSG00000164535,DAGLB,221955,1,truncated_no_ejc,4,3.343
ENSG00000164615,CAMLG,819,2,truncated_no_ejc,4,0.359
ENSG00000164808,SPIDR,23514,1,truncated_no_ejc,3,1.207
ENSG00000164818,DNAAF5,54919,1,truncated_no_ejc,1,0.943
ENSG00000164978,NUDT2,318,3,no_downstream_ejc,4,2.827
ENSG00000165006,UBAP1,51271,1,no_downstream_ejc,3,0.589
ENSG00000165055,METTL2B,55798,1,truncated_no_ejc,3,1.129
ENSG00000165060,FXN,2395,1,truncated_no_ejc,4,0.579
ENSG00000165188,RNF183,138065,1,no_downstream_ejc,1,2.37
ENSG00000165449,SLC16A9,220963,1,truncated_no_ejc,1,2.073
ENSG00000165501,LRR1,122769,1,no_downstream_ejc,1,1.137
ENSG00000165609,NUDT5,11164,1,truncated_no_ejc,4,0.345
ENSG00000165806,CASP7,840,2,no_downstream_ejc;truncated_no_ejc,4,1.144
ENSG00000165819,METTL3,56339,1,truncated_no_ejc,1,2.574
ENSG00000165948,IFI27L1,122509,1,truncated_no_ejc,1,1.117
ENSG00000166002,SMCO4,56935,1,no_downstream_ejc,4,0.515
ENSG00000166024,R3HCC1L,27291,5,no_downstream_ejc,4,1.02
ENSG00000166140,ZFYVE19,84936,1,truncated_no_ejc,1,1.451
ENSG00000166145,SPINT1,6692,1,truncated_no_ejc,4,0.312
ENSG00000166200,COPS2,9318,1,no_downstream_ejc,4,0.305
ENSG00000166224,SGPL1,8879,1,no_downstream_ejc,1,1.579
ENSG00000166266,CUL5,8065,2,truncated_no_ejc,4,2.025
ENSG00000166340,TPP1,1200,1,truncated_no_ejc,4,4.628
ENSG00000166352,IFTAP,119710,2,no_downstream_ejc,4,1.228
ENSG00000166452,AKIP1,56672,3,no_downstream_ejc;truncated_no_ejc,4,1.247
ENSG00000166478,ZNF143,7702,1,truncated_no_ejc,4,0.454
ENSG00000166681,BEX3,27018,1,no_downstream_ejc,4,0.35
ENSG00000166741,NNMT,4837,1,no_downstream_ejc,1,1.741
ENSG00000166788,SAAL1,113174,1,truncated_no_ejc,4,0.44
ENSG00000166821,PEX11A,8800,1,truncated_no_ejc,3,1.191
ENSG00000166881,NEMP1,23306,1,truncated_no_ejc,1,1.641
ENSG00000166889,PATL1,219988,1,truncated_no_ejc,4,0.826
ENSG00000166913,YWHAB,7529,1,no_downstream_ejc,3,0.156
ENSG00000166965,RCCD1,91433,1,no_downstream_ejc,4,0.528
ENSG00000167083,GNGT2,2793,1,no_downstream_ejc,1,0.96
ENSG00000167136,ENDOG,2021,1,truncated_no_ejc,2,1.259
ENSG00000167232,ZNF91,7644,1,truncated_no_ejc,3,1.858
ENSG00000167380,ZNF226,7769,1,no_downstream_ejc,4,0.507
ENSG00000167395,ZNF646,9726,1,truncated_no_ejc,1,0.654
ENSG00000167695,TLCD3A,79850,1,truncated_no_ejc,1,1.069
ENSG00000167965,MLST8,64223,1,no_downstream_ejc,4,0.328
ENSG00000167985,SDHAF2,54949,1,truncated_no_ejc,3,0.322
ENSG00000168000,BSCL2,26580,1,no_downstream_ejc,4,0.321
ENSG00000168003,SLC3A2,6520,1,no_downstream_ejc,3,0.802
ENSG00000168056,LTBP3,4054,1,no_downstream_ejc,3,1.758
ENSG00000168060,NAALADL1,10004,1,no_downstream_ejc,4,0.568
ENSG00000168090,COPS6,10980,1,truncated_no_ejc,4,0.35
ENSG00000168101,NUDT16L1,84309,1,truncated_no_ejc,4,3.454
ENSG00000168237,GLYCTK,132158,1,truncated_no_ejc,1,1.339
ENSG00000168395,ING5,84289,1,truncated_no_ejc,4,1.408
ENSG00000168439,STIP1,10963,1,truncated_no_ejc,4,2.325
ENSG00000168517,HEXIM2,124790,3,no_downstream_ejc,4,2.391
ENSG00000168564,CDKN2AIP,55602,1,truncated_no_ejc,4,3.371
ENSG00000168661,ZNF30,90075,2,no_downstream_ejc,1,2.378
ENSG00000168734,PKIG,11142,1,no_downstream_ejc,3,2.414
ENSG00000168894,RNF181,51255,1,truncated_no_ejc,2,2.902
ENSG00000168958,MFF,56947,2,no_downstream_ejc,4,0.358
ENSG00000169021,UQCRFS1,7386,1,truncated_no_ejc,4,0.354
ENSG00000169057,MECP2,4204,1,truncated_no_ejc,3,0.913
ENSG00000169239,CA5B,11238,5,no_downstream_ejc;truncated_no_ejc,4,3.326
ENSG00000169371,SNUPN,10073,1,no_downstream_ejc,4,0.754
ENSG00000169403,PTAFR,5724,1,no_downstream_ejc,1,2.685
ENSG00000169727,GPS1,2873,2,no_downstream_ejc;truncated_no_ejc,4,0.382
ENSG00000169756,LIMS1,3987,1,truncated_no_ejc,1,1.171
ENSG00000169764,UGP2,7360,1,no_downstream_ejc,1,0.36
ENSG00000169851,PCDH7,5099,1,no_downstream_ejc,1,0.918
ENSG00000170035,UBE2E3,10477,1,no_downstream_ejc,4,0.46
ENSG00000170088,TMEM192,201931,1,truncated_no_ejc,1,1.187
ENSG00000170145,SIK2,23235,1,truncated_no_ejc,1,1.97
ENSG00000170265,ZNF282,8427,1,truncated_no_ejc,1,1.235
ENSG00000170291,ELP5,23587,1,truncated_no_ejc,1,1.427
ENSG00000170364,SETMAR,6419,1,no_downstream_ejc,1,0.338
ENSG00000170515,PA2G4,5036,1,truncated_no_ejc,2,0.282
ENSG00000170619,COMMD5,28991,1,no_downstream_ejc,4,0.208
ENSG00000170631,ZNF16,7564,1,no_downstream_ejc,4,2.548
ENSG00000170633,RNF34,80196,1,truncated_no_ejc,4,0.217
ENSG00000170745,KCNS3,3790,1,no_downstream_ejc,1,1.445
ENSG00000170892,TSEN34,79042,1,no_downstream_ejc,4,4.108
ENSG00000170899,GSTA4,2941,1,truncated_no_ejc,3,0.722
ENSG00000170903,MSANTD4,84437,1,no_downstream_ejc,3,1.513
ENSG00000170954,ZNF415,55786,1,no_downstream_ejc,2,0.646
ENSG00000171033,PKIA,5569,1,no_downstream_ejc,2,1.294
ENSG00000171097,KYAT1,883,1,no_downstream_ejc,2,1.025
ENSG00000171453,POLR1C,9533,1,truncated_no_ejc,4,0.202
ENSG00000171490,RSL1D1,26156,2,truncated_no_ejc,4,0.306
ENSG00000171604,CXXC5,51523,3,no_downstream_ejc,4,1.635
ENSG00000171631,P2RY6,5031,1,no_downstream_ejc,1,2.153
ENSG00000171681,ATF7IP,55729,1,truncated_no_ejc,1,1.224
ENSG00000171720,HDAC3,8841,1,truncated_no_ejc,1,2.215
ENSG00000171792,RHNO1,83695,1,truncated_no_ejc,4,3.219
ENSG00000171806,METTL18,92342,1,no_downstream_ejc,1,1.391
ENSG00000171843,MLLT3,4300,1,truncated_no_ejc,3,0.682
ENSG00000171853,TRAPPC12,51112,2,no_downstream_ejc;truncated_no_ejc,4,2.283
ENSG00000172123,SLFN12,55106,1,no_downstream_ejc,3,0.763
ENSG00000172273,HINFP,25988,1,no_downstream_ejc,4,1.52
ENSG00000172331,BPGM,669,1,no_downstream_ejc,4,0.896
ENSG00000172409,CLP1,10978,1,no_downstream_ejc,4,0.436
ENSG00000172667,ZMAT3,64393,3,truncated_no_ejc,4,2.051
ENSG00000172748,ZNF596,169270,1,no_downstream_ejc,1,1.314
ENSG00000172775,PSME3IP1,80011,3,no_downstream_ejc,4,0.377
ENSG00000172780,RAB43,339122,1,truncated_no_ejc,1,2.258
ENSG00000172785,ZNG1A,55871,1,truncated_no_ejc,4,0.301
ENSG00000172889,EGFL7,51162,1,no_downstream_ejc,1,4.198
ENSG00000172932,ANKRD13D,338692,1,truncated_no_ejc,4,1.271
ENSG00000173041,ZNF680,340252,1,truncated_no_ejc,1,1.261
ENSG00000173065,FAM222B,55731,1,no_downstream_ejc,3,1.158
ENSG00000173200,PARP15,165631,1,no_downstream_ejc,1,1.69
ENSG00000173253,DMRT2,10655,2,no_downstream_ejc;truncated_no_ejc,1,2.257
ENSG00000173409,ARV1,64801,2,no_downstream_ejc,3,0.522
ENSG00000173575,CHD2,1106,1,truncated_no_ejc,1,1.45
ENSG00000173581,CCDC106,29903,1,no_downstream_ejc,4,0.515
ENSG00000173914,RBM4B,83759,2,no_downstream_ejc,4,0.719
ENSG00000173915,ATP5MK,84833,1,no_downstream_ejc,4,1.418
ENSG00000173926,MARCHF3,115123,1,no_downstream_ejc,3,3.483
ENSG00000173933,RBM4,5936,3,no_downstream_ejc;truncated_no_ejc,4,4.569
ENSG00000174021,GNG5,2787,1,no_downstream_ejc,4,3.753
ENSG00000174227,PIGG,54872,1,truncated_no_ejc,4,2.743
ENSG00000174428,GTF2IRD2B,389524,2,no_downstream_ejc,3,1.232
ENSG00000174669,SLC29A2,3177,1,no_downstream_ejc,3,2.313
ENSG00000174720,LARP7,51574,1,truncated_no_ejc,4,0.421
ENSG00000174748,RPL15,6138,1,no_downstream_ejc,1,0.295
ENSG00000174775,HRAS,3265,1,truncated_no_ejc,4,1.589
ENSG00000174791,RIN1,9610,1,truncated_no_ejc,4,0.828
ENSG00000174796,THAP6,152815,1,truncated_no_ejc,3,0.882
ENSG00000174840,PDE12,201626,1,truncated_no_ejc,4,1.368
ENSG00000174886,NDUFA11,126328,1,truncated_no_ejc,2,1.282
ENSG00000174928,C3orf33,285315,1,no_downstream_ejc,4,2.619
ENSG00000175193,PARL,55486,3,truncated_no_ejc,4,0.576
ENSG00000175197,DDIT3,1649,3,no_downstream_ejc,4,4.367
ENSG00000175305,CCNE2,9134,3,truncated_no_ejc,1,2.64
ENSG00000175395,ZNF25,219749,1,no_downstream_ejc,1,1.628
ENSG00000175575,PAAF1,80227,1,truncated_no_ejc,4,0.547
ENSG00000175592,FOSL1,8061,1,truncated_no_ejc,1,0.805
ENSG00000175826,CTDNEP1,23399,1,no_downstream_ejc,1,0.471
ENSG00000176148,TCP11L1,55346,1,no_downstream_ejc,1,1.339
ENSG00000176273,SLC35G1,159371,1,truncated_no_ejc,1,1.889
ENSG00000176383,B3GNT4,79369,1,no_downstream_ejc,1,2.685
ENSG00000176401,EID2B,126272,1,truncated_no_ejc,1,0.743
ENSG00000176472,ZNF575,284346,1,no_downstream_ejc,4,2.315
ENSG00000176890,TYMS,7298,1,truncated_no_ejc,1,1.635
ENSG00000176894,PXMP2,5827,1,truncated_no_ejc,1,1.125
ENSG00000176915,ANKLE2,23141,1,truncated_no_ejc,4,0.659
ENSG00000177058,SLC38A9,153129,1,truncated_no_ejc,1,1.208
ENSG00000177150,FAM210A,125228,2,no_downstream_ejc,4,1.786
ENSG00000177570,SAMD12,401474,1,truncated_no_ejc,1,2.072
ENSG00000177981,ASB8,140461,1,no_downstream_ejc,3,0.632
ENSG00000178028,DMAP1,55929,1,no_downstream_ejc,4,0.383
ENSG00000178078,STAP2,55620,1,truncated_no_ejc,1,1.385
ENSG00000178150,ZNF114,163071,1,no_downstream_ejc,1,2.18
ENSG00000178295,GEN1,348654,1,no_downstream_ejc,1,3.181
ENSG00000178381,ZFAND2A,90637,2,no_downstream_ejc;truncated_no_ejc,4,2.569
ENSG00000178988,MRFAP1L1,114932,1,no_downstream_ejc,4,0.399
ENSG00000179029,TMEM107,84314,1,truncated_no_ejc,4,1.057
ENSG00000179526,SHARPIN,81858,1,truncated_no_ejc,4,1.332
ENSG00000179988,PSTK,118672,1,no_downstream_ejc,3,1.073
ENSG00000180190,TDRP,157695,1,truncated_no_ejc,4,1.64
ENSG00000180739,S1PR5,53637,2,no_downstream_ejc;truncated_no_ejc,1,3.548
ENSG00000180964,TCEAL8,90843,1,no_downstream_ejc,4,1.102
ENSG00000181450,ZNF678,339500,2,truncated_no_ejc,4,2.333
ENSG00000181666,ZNF875,284459,1,no_downstream_ejc,3,0.875
ENSG00000182173,TSEN54,283989,1,no_downstream_ejc,3,0.67
ENSG00000182224,CYB5D1,124637,1,truncated_no_ejc,2,1.73
ENSG00000182318,ZSCAN22,342945,1,truncated_no_ejc,4,3.092
ENSG00000182359,KBTBD3,143879,2,no_downstream_ejc,4,1.762
ENSG00000182511,FES,2242,1,no_downstream_ejc,2,1.498
ENSG00000182606,TRAK1,22906,1,no_downstream_ejc,3,1.582
ENSG00000182973,CNOT10,25904,2,truncated_no_ejc,1,0.676
ENSG00000183208,GDPGP1,390637,1,no_downstream_ejc,1,1.811
ENSG00000183283,DAZAP2,9802,1,truncated_no_ejc,4,0.408
ENSG00000183607,GKN2,200504,1,truncated_no_ejc,1,3.074
ENSG00000183763,TRAIP,10293,1,truncated_no_ejc,1,1.098
ENSG00000183765,CHEK2,11200,1,truncated_no_ejc,1,1.48
ENSG00000184076,UQCR10,29796,1,truncated_no_ejc,4,0.323
ENSG00000184254,ALDH1A3,220,1,truncated_no_ejc,1,0.829
ENSG00000184277,TM2D3,80213,2,no_downstream_ejc;truncated_no_ejc,4,0.508
ENSG00000184281,TSSC4,10078,1,no_downstream_ejc,4,4.204
ENSG00000185187,SIGIRR,59307,1,no_downstream_ejc,1,1.601
ENSG00000185344,ATP6V0A2,23545,1,truncated_no_ejc,4,0.731
ENSG00000185379,RAD51D,5892,1,truncated_no_ejc,1,0.47
ENSG00000185404,SP140L,93349,1,truncated_no_ejc,1,1.427
ENSG00000185753,CXorf38,159013,1,no_downstream_ejc,2,2.303
ENSG00000185798,WDR53,348793,3,no_downstream_ejc,4,0.855
ENSG00000185829,ARL17A,51326,1,truncated_no_ejc,3,0.921
ENSG00000185875,THNSL1,79896,1,no_downstream_ejc,4,1.542
ENSG00000186577,SMIM29,221491,3,no_downstream_ejc;truncated_no_ejc,4,2.359
ENSG00000186787,SPIN2B,474343,3,no_downstream_ejc,4,1.159
ENSG00000187098,MITF,4286,1,no_downstream_ejc,1,1.185
ENSG00000187109,NAP1L1,4673,2,no_downstream_ejc,4,0.666
ENSG00000187243,MAGED4B,81557,1,truncated_no_ejc,1,2.271
ENSG00000187626,ZKSCAN4,387032,1,truncated_no_ejc,1,1.81
ENSG00000187733,AMY1C,278,1,no_downstream_ejc,1,0.82
ENSG00000187838,PLSCR3,57048,1,no_downstream_ejc,1,1.524
ENSG00000188015,S100A3,6274,2,no_downstream_ejc,1,4.852
ENSG00000188529,SRSF10,10772,2,no_downstream_ejc,4,0.434
ENSG00000188732,FAM221A,340277,1,truncated_no_ejc,1,2.003
ENSG00000188739,RBM34,23029,1,truncated_no_ejc,4,0.204
ENSG00000188811,NHLRC3,387921,1,truncated_no_ejc,1,0.426
ENSG00000189046,ALKBH2,121642,2,truncated_no_ejc,4,1.621
ENSG00000189057,FAM111B,374393,1,truncated_no_ejc,1,3.708
ENSG00000189067,LITAF,9516,1,no_downstream_ejc,1,2.178
ENSG00000189171,S100A13,6284,2,no_downstream_ejc,4,2.432
ENSG00000189180,ZNF33A,7581,1,truncated_no_ejc,4,0.442
ENSG00000196233,LCOR,84458,1,truncated_no_ejc,4,0.407
ENSG00000196275,GTF2IRD2,84163,2,no_downstream_ejc,3,1.734
ENSG00000196323,ZBTB44,29068,1,no_downstream_ejc,1,2.107
ENSG00000196363,WDR5,11091,1,no_downstream_ejc,4,1.768
ENSG00000196378,ZNF34,80778,1,no_downstream_ejc,1,2.766
ENSG00000196418,ZNF124,7678,1,no_downstream_ejc,2,0.852
ENSG00000196419,XRCC6,2547,1,no_downstream_ejc,4,0.332
ENSG00000196437,ZNF569,148266,1,no_downstream_ejc,4,3.017
ENSG00000196459,TRAPPC2,6399,2,no_downstream_ejc,4,3.194
ENSG00000196465,MYL6B,140465,1,no_downstream_ejc,1,2.563
ENSG00000196505,GDAP2,54834,1,truncated_no_ejc,1,0.682
ENSG00000196510,ANAPC7,51434,1,truncated_no_ejc,4,1.186
ENSG00000196639,HRH1,3269,1,no_downstream_ejc,1,1.082
ENSG00000196670,ZFP62,643836,1,no_downstream_ejc,1,2.785
ENSG00000196704,AMZ2,51321,2,no_downstream_ejc,4,0.524
ENSG00000196873,ZNG1B,150472,2,no_downstream_ejc,4,2.168
ENSG00000196911,KPNA5,3841,1,truncated_no_ejc,1,1.629
ENSG00000197008,ZNF138,7697,1,no_downstream_ejc,4,2.016
ENSG00000197016,ZNF470,388566,1,truncated_no_ejc,3,1.722
ENSG00000197021,EOLA2,541578,1,no_downstream_ejc,4,1.606
ENSG00000197062,ZSCAN26,7741,4,no_downstream_ejc,3,1.888
ENSG00000197111,PCBP2,5094,2,no_downstream_ejc;truncated_no_ejc,4,0.356
ENSG00000197128,ZNF772,400720,1,no_downstream_ejc,1,1.859
ENSG00000197226,TBC1D9B,23061,1,truncated_no_ejc,4,0.394
ENSG00000197448,GSTK1,373156,1,no_downstream_ejc,4,0.491
ENSG00000197622,CDC42SE1,56882,1,no_downstream_ejc,4,1.47
ENSG00000197641,SERPINB13,5275,1,truncated_no_ejc,1,2.151
ENSG00000197857,ZNF44,51710,2,truncated_no_ejc,4,2.655
ENSG00000197885,NKIRAS1,28512,2,no_downstream_ejc;truncated_no_ejc,2,1.912
ENSG00000197928,ZNF677,342926,3,no_downstream_ejc,3,2.269
ENSG00000197943,PLCG2,5336,1,truncated_no_ejc,1,3.717
ENSG00000198026,ZNF335,63925,2,no_downstream_ejc;truncated_no_ejc,4,2.635
ENSG00000198040,ZNF84,7637,2,no_downstream_ejc,4,1.356
ENSG00000198075,SULT1C4,27233,1,no_downstream_ejc,1,0.523
ENSG00000198218,QRICH1,54870,1,no_downstream_ejc,2,0.443
ENSG00000198270,TMEM116,89894,1,truncated_no_ejc,1,1.596
ENSG00000198513,ATL1,51062,1,no_downstream_ejc,1,0.586
ENSG00000198546,ZNF511,118472,1,no_downstream_ejc,2,0.368
ENSG00000198563,DDX39B,7919,1,no_downstream_ejc,4,0.329
ENSG00000198715,GLMP,112770,1,truncated_no_ejc,2,0.246
ENSG00000198791,CNOT7,29883,1,truncated_no_ejc,1,0.288
ENSG00000198846,TOX,9760,1,truncated_no_ejc,2,1.187
ENSG00000203326,ZNF525,170958,1,truncated_no_ejc,2,2.074
ENSG00000203667,COX20,116228,1,truncated_no_ejc,4,0.41
ENSG00000203668,CHML,1122,1,no_downstream_ejc,1,1.633
ENSG00000203797,DDO,8528,1,truncated_no_ejc,1,1.565
ENSG00000203952,CCDC160,347475,2,no_downstream_ejc,1,3.022
ENSG00000204130,RUFY2,55680,1,truncated_no_ejc,1,0.962
ENSG00000204220,PFDN6,10471,1,no_downstream_ejc,1,0.612
ENSG00000204371,EHMT2,10919,3,no_downstream_ejc;truncated_no_ejc,2,2.548
ENSG00000204438,GPANK1,7918,1,no_downstream_ejc,3,0.33
ENSG00000204568,MRPS18B,28973,1,truncated_no_ejc,4,2.241
ENSG00000204611,ZNF616,90317,1,truncated_no_ejc,3,0.545
ENSG00000204713,TRIM27,5987,1,truncated_no_ejc,1,2.052
ENSG00000204954,UQCC6,728568,1,no_downstream_ejc,1,0.753
ENSG00000205758,CRYZL1,9946,2,truncated_no_ejc,3,1.279
ENSG00000206053,JPT2,90861,1,truncated_no_ejc,4,2.446
ENSG00000206072,SERPINB11,89778,1,no_downstream_ejc,1,2.016
ENSG00000213024,NUP62,23636,1,no_downstream_ejc,3,0.613
ENSG00000213066,CEP43,11116,1,no_downstream_ejc,3,0.339
ENSG00000213185,FAM24B,196792,3,no_downstream_ejc,4,4.129
ENSG00000213190,MLLT11,10962,1,no_downstream_ejc,1,1.818
ENSG00000213203,GIMAP1,170575,1,truncated_no_ejc,1,1.139
ENSG00000213380,COG8,84342,2,no_downstream_ejc;truncated_no_ejc,4,2.248
ENSG00000213398,LCAT,3931,1,no_downstream_ejc,4,3.317
ENSG00000213463,SYNJ2BP,55333,1,truncated_no_ejc,4,0.388
ENSG00000213465,ARL2,402,1,no_downstream_ejc,4,1.498
ENSG00000213585,VDAC1,7416,1,no_downstream_ejc,4,0.443
ENSG00000213672,NCKIPSD,51517,1,truncated_no_ejc,4,0.496
ENSG00000213676,ATF6B,1388,1,truncated_no_ejc,1,0.542
ENSG00000213793,ZNF888,388559,1,no_downstream_ejc,2,2.588
ENSG00000213853,EMP2,2013,1,no_downstream_ejc,1,1.002
ENSG00000213983,AP1G2,8906,2,no_downstream_ejc;truncated_no_ejc,1,2.135
ENSG00000214078,CPNE1,8904,1,no_downstream_ejc,4,4.533
ENSG00000214114,MYCBP,26292,1,truncated_no_ejc,4,0.384
ENSG00000214860,EVPLL,645027,1,truncated_no_ejc,2,2.056
ENSG00000221978,CCNL2,81669,1,no_downstream_ejc,1,0.349
ENSG00000225950,NTF4,4909,1,no_downstream_ejc,1,1.345
ENSG00000229809,ZNF688,146542,1,truncated_no_ejc,1,2.125
ENSG00000234465,PINLYP,390940,1,no_downstream_ejc,1,2.46
ENSG00000235098,ANKRD65,441869,1,no_downstream_ejc,1,1.324
ENSG00000235109,ZSCAN31,64288,1,no_downstream_ejc,1,1.715
ENSG00000235194,PPP1R3E,90673,1,truncated_no_ejc,1,1.691
ENSG00000236287,ZBED5,58486,1,no_downstream_ejc,4,1.029
ENSG00000237651,C2orf74,339804,2,no_downstream_ejc,4,1.548
ENSG00000239282,CASTOR1,652968,2,no_downstream_ejc;truncated_no_ejc,1,1.776
ENSG00000239306,RBM14,10432,1,truncated_no_ejc,1,1.502
ENSG00000239382,ALKBH6,84964,1,no_downstream_ejc,2,1.482
ENSG00000239672,NME1,4830,1,no_downstream_ejc,4,0.557
ENSG00000242028,HYPK,25764,3,no_downstream_ejc,4,3.453
ENSG00000242114,MTFP1,51537,1,truncated_no_ejc,1,1.342
ENSG00000243943,ZNF512,84450,1,truncated_no_ejc,1,0.63
ENSG00000244405,ETV5,2119,1,truncated_no_ejc,2,1.958
ENSG00000249915,PDCD6,10016,1,truncated_no_ejc,4,0.26
ENSG00000250571,GLI4,2738,2,truncated_no_ejc,4,2.535
ENSG00000254093,PINX1,54984,1,truncated_no_ejc,4,1.54
ENSG00000254858,MPV17L2,84769,1,no_downstream_ejc,1,1.496
ENSG00000254986,DPP3,10072,1,no_downstream_ejc,4,0.291
ENSG00000256269,HMBS,3145,1,truncated_no_ejc,4,1.024
ENSG00000256771,ZNF253,56242,1,truncated_no_ejc,1,1.735
ENSG00000258659,TRIM34,53840,1,no_downstream_ejc,1,1.142
ENSG00000258890,CEP95,90799,1,truncated_no_ejc,1,1.693
ENSG00000259112,NDUFC2-KCTD14,100532726,1,truncated_no_ejc,4,2.377
ENSG00000260456,C16orf95,100506581,1,no_downstream_ejc,4,2.366
ENSG00000263001,GTF2I,2969,2,no_downstream_ejc,4,0.566
ENSG00000263528,IKBKE,9641,1,no_downstream_ejc,3,0.464
ENSG00000265681,RPL17,6139,1,no_downstream_ejc,4,3.961
ENSG00000267680,ZNF224,7767,1,no_downstream_ejc,4,0.633
ENSG00000268350,FAM156A,29057,1,no_downstream_ejc,3,1.591
ENSG00000269226,TMSB15B,286527,1,no_downstream_ejc,2,1.441
ENSG00000269335,IKBKG,8517,1,truncated_no_ejc,4,3.109
ENSG00000272047,GTF2H5,404672,2,no_downstream_ejc,4,2.346
ENSG00000273045,C2orf15,150590,1,no_downstream_ejc,1,1.84
ENSG00000277149,TYW1B,441250,1,truncated_no_ejc,3,1.413
ENSG00000277791,PSMB3,5691,1,truncated_no_ejc,4,3.317
ENSG00000284194,SCO2,9997,1,no_downstream_ejc,1,1.368
ENSG00000288637,,,1,no_downstream_ejc,1,2.512
ENSG00000291317,TMEM276,84773,1,no_downstream_ejc,3,0.472
